TenantId,SourceSystem,MG,ManagementGroupName,TimeGenerated [Pacific Time (US and Canada) Tijuana],Computer,RawData,SERVER_UTC_t [Pacific Time (US and Canada) Tijuana],ALLOCATION_LIMIT_MB_d,DATABASE_NAME_s,DATA_SOURCE_s,FREE_MEMORY_SIZE_MB_d,HEAP_MEMORY_ALLOCATED_SIZE_MB_d,HEAP_MEMORY_USED_SIZE_MB_d,LOGICAL_MEMORY_SIZE_MB_d,PERCENTAGE_HEAP_USED_MEMORY_d,PERCENTAGE_USED_MEMORY_d,PHYSICAL_MEMORY_SIZE_MB_d,PORT_d,PROVIDER_INSTANCE_s,SAPMON_VERSION_s,SERVICE_NAME_s,SNAPSHOT_TIME_t [Pacific Time (US and Canada) Tijuana],TOTAL_MEMORY_USED_SIZE_MB_d,Time_Generated_t [Pacific Time (US and Canada) Tijuana],_SERVER_UTC_t [Pacific Time (US and Canada) Tijuana],sapsid_s,Type,_ResourceId
63c81adf-e45b-4623-80a1-b89026218a34,RestAPI,,,"4/18/2026, 3:48:04.560 AM",,,"4/18/2026, 3:48:04.119 AM",993358.1476,SYSTEMDB,CURRENT,35421.9557,48156.02483,7825.37054,51967.78701,16.25,1.1659,47608.48794,30001,CHA-HANA,4.0.260223.125026,nameserver,"4/18/2026, 3:48:04.119 AM",11582.34872,"4/18/2026, 3:48:04.120 AM","4/18/2026, 3:48:04.119 AM",CHA,SapHana_HighMemoryUsageService_CL,
63c81adf-e45b-4623-80a1-b89026218a34,RestAPI,,,"4/18/2026, 3:48:04.560 AM",,,"4/18/2026, 3:48:04.119 AM",993358.1476,,CURRENT,12688.76024,13136.54784,242.899119,13767.2704,1.849,0.0849,740.446208,30002,CHA-HANA,4.0.260223.125026,preprocessor,"4/18/2026, 3:48:04.119 AM",843.397295,"4/18/2026, 3:48:04.120 AM","4/18/2026, 3:48:04.119 AM",CHA,SapHana_HighMemoryUsageService_CL,
63c81adf-e45b-4623-80a1-b89026218a34,RestAPI,,,"4/18/2026, 3:48:04.560 AM",,,"4/18/2026, 3:48:04.119 AM",993358.1476,CHA,CURRENT,115489.2411,197206.1839,76235.66979,206922.9036,38.6578,8.6455,202056.3804,30003,CHA-HANA,4.0.260223.125026,indexserver,"4/18/2026, 3:48:04.119 AM",85881.332,"4/18/2026, 3:48:04.121 AM","4/18/2026, 3:48:04.119 AM",CHA,SapHana_HighMemoryUsageService_CL,
63c81adf-e45b-4623-80a1-b89026218a34,RestAPI,,,"4/18/2026, 3:48:04.560 AM",,,"4/18/2026, 3:48:04.119 AM",993358.1476,CHA,CURRENT,11947.00832,14970.13453,2717.465917,18111.90989,18.1525,0.583,3755.880448,30004,CHA-HANA,4.0.260223.125026,scriptserver,"4/18/2026, 3:48:04.119 AM",5791.522109,"4/18/2026, 3:48:04.121 AM","4/18/2026, 3:48:04.119 AM",CHA,SapHana_HighMemoryUsageService_CL,
63c81adf-e45b-4623-80a1-b89026218a34,RestAPI,,,"4/18/2026, 3:48:04.560 AM",,,"4/18/2026, 3:48:04.119 AM",993358.1476,,CURRENT,12461.14362,13113.11872,459.802314,14494.36774,3.5064,0.1807,896.155648,30006,CHA-HANA,4.0.260223.125026,webdispatcher,"4/18/2026, 3:48:04.119 AM",1795.704522,"4/18/2026, 3:48:04.121 AM","4/18/2026, 3:48:04.119 AM",CHA,SapHana_HighMemoryUsageService_CL,
63c81adf-e45b-4623-80a1-b89026218a34,RestAPI,,,"4/18/2026, 3:48:04.560 AM",,,"4/18/2026, 3:48:04.119 AM",993358.1476,CHA,CURRENT,16107.17758,17609.8304,1193.746727,21012.97562,6.7788,0.4556,6215.860224,30007,CHA-HANA,4.0.260223.125026,xsengine,"4/18/2026, 3:48:04.119 AM",4526.719271,"4/18/2026, 3:48:04.121 AM","4/18/2026, 3:48:04.119 AM",CHA,SapHana_HighMemoryUsageService_CL,
63c81adf-e45b-4623-80a1-b89026218a34,RestAPI,,,"4/18/2026, 3:48:04.560 AM",,,"4/18/2026, 3:48:04.119 AM",993358.1476,,CURRENT,12720.46845,13112.22989,208.16153,13472.09626,1.5875,0.0542,1097.129984,30010,CHA-HANA,4.0.260223.125026,compileserver,"4/18/2026, 3:48:04.119 AM",539.34361,"4/18/2026, 3:48:04.121 AM","4/18/2026, 3:48:04.119 AM",CHA,SapHana_HighMemoryUsageService_CL,
63c81adf-e45b-4623-80a1-b89026218a34,RestAPI,,,"4/18/2026, 3:48:04.560 AM",,,"4/18/2026, 3:48:04.119 AM",993358.1476,CHA,CURRENT,16378.93554,17887.38765,1203.719274,21126.36928,6.7294,0.4401,6835.130368,30011,CHA-HANA,4.0.260223.125026,dpserver,"4/18/2026, 3:48:04.119 AM",4372.663402,"4/18/2026, 3:48:04.121 AM","4/18/2026, 3:48:04.119 AM",CHA,SapHana_HighMemoryUsageService_CL,
63c81adf-e45b-4623-80a1-b89026218a34,RestAPI,,,"4/18/2026, 3:48:04.560 AM",,,"4/18/2026, 3:48:04.119 AM",993358.1476,CHA,CURRENT,12687.5267,13089.77971,230.315385,14475.53843,1.7595,0.1584,666.591232,30025,CHA-HANA,4.0.260223.125026,diserver,"4/18/2026, 3:48:04.119 AM",1573.729657,"4/18/2026, 3:48:04.121 AM","4/18/2026, 3:48:04.119 AM",CHA,SapHana_HighMemoryUsageService_CL,
63c81adf-e45b-4623-80a1-b89026218a34,RestAPI,,,"4/18/2026, 3:48:04.560 AM",,,"4/18/2026, 3:48:04.119 AM",993358.1476,CHA,CURRENT,65294.57693,68846.01037,3097.891163,72172.31872,4.4997,0.6396,59361.49299,30040,CHA-HANA,4.0.260223.125026,docstore,"4/18/2026, 3:48:04.119 AM",6354.383195,"4/18/2026, 3:48:04.121 AM","4/18/2026, 3:48:04.119 AM",CHA,SapHana_HighMemoryUsageService_CL,
63c81adf-e45b-4623-80a1-b89026218a34,RestAPI,,,"4/18/2026, 4:48:05.192 AM",,,"4/18/2026, 4:48:04.891 AM",993358.1476,SYSTEMDB,CURRENT,35360.57146,48156.02483,7899.40392,51967.78701,16.4037,1.1734,47608.48794,30001,CHA-HANA,4.0.260223.125026,nameserver,"4/18/2026, 4:48:04.891 AM",11656.3821,"4/18/2026, 4:48:04.893 AM","4/18/2026, 4:48:04.891 AM",CHA,SapHana_HighMemoryUsageService_CL,
63c81adf-e45b-4623-80a1-b89026218a34,RestAPI,,,"4/18/2026, 4:48:05.192 AM",,,"4/18/2026, 4:48:04.891 AM",993358.1476,,CURRENT,12687.44952,13136.54784,242.889895,13767.2704,1.8489,0.0849,740.446208,30002,CHA-HANA,4.0.260223.125026,preprocessor,"4/18/2026, 4:48:04.891 AM",843.388071,"4/18/2026, 4:48:04.893 AM","4/18/2026, 4:48:04.891 AM",CHA,SapHana_HighMemoryUsageService_CL,
63c81adf-e45b-4623-80a1-b89026218a34,RestAPI,,,"4/18/2026, 4:48:05.192 AM",,,"4/18/2026, 4:48:04.891 AM",993358.1476,CHA,CURRENT,115623.4025,197204.8609,76117.78819,206921.5805,38.5983,8.6336,202055.807,30003,CHA-HANA,4.0.260223.125026,indexserver,"4/18/2026, 4:48:04.891 AM",85763.4504,"4/18/2026, 4:48:04.893 AM","4/18/2026, 4:48:04.891 AM",CHA,SapHana_HighMemoryUsageService_CL,
63c81adf-e45b-4623-80a1-b89026218a34,RestAPI,,,"4/18/2026, 4:48:05.192 AM",,,"4/18/2026, 4:48:04.891 AM",993358.1476,CHA,CURRENT,11949.40038,14971.1831,2717.977373,18112.95846,18.1547,0.583,3756.17536,30004,CHA-HANA,4.0.260223.125026,scriptserver,"4/18/2026, 4:48:04.891 AM",5792.033565,"4/18/2026, 4:48:04.893 AM","4/18/2026, 4:48:04.891 AM",CHA,SapHana_HighMemoryUsageService_CL,
63c81adf-e45b-4623-80a1-b89026218a34,RestAPI,,,"4/18/2026, 4:48:05.192 AM",,,"4/18/2026, 4:48:04.891 AM",993358.1476,,CURRENT,12462.32327,13113.11872,459.787266,14494.36774,3.5063,0.1807,896.155648,30006,CHA-HANA,4.0.260223.125026,webdispatcher,"4/18/2026, 4:48:04.891 AM",1795.689474,"4/18/2026, 4:48:04.893 AM","4/18/2026, 4:48:04.891 AM",CHA,SapHana_HighMemoryUsageService_CL,
63c81adf-e45b-4623-80a1-b89026218a34,RestAPI,,,"4/18/2026, 4:48:05.192 AM",,,"4/18/2026, 4:48:04.891 AM",993358.1476,CHA,CURRENT,16108.02955,17609.8304,1193.759071,21012.97562,6.7789,0.4556,6215.860224,30007,CHA-HANA,4.0.260223.125026,xsengine,"4/18/2026, 4:48:04.891 AM",4526.731615,"4/18/2026, 4:48:04.893 AM","4/18/2026, 4:48:04.891 AM",CHA,SapHana_HighMemoryUsageService_CL,
63c81adf-e45b-4623-80a1-b89026218a34,RestAPI,,,"4/18/2026, 4:48:05.192 AM",,,"4/18/2026, 4:48:04.891 AM",993358.1476,,CURRENT,12720.59952,13112.22989,208.146282,13472.09626,1.5874,0.0542,1097.129984,30010,CHA-HANA,4.0.260223.125026,compileserver,"4/18/2026, 4:48:04.891 AM",539.328362,"4/18/2026, 4:48:04.894 AM","4/18/2026, 4:48:04.891 AM",CHA,SapHana_HighMemoryUsageService_CL,
63c81adf-e45b-4623-80a1-b89026218a34,RestAPI,,,"4/18/2026, 4:48:05.192 AM",,,"4/18/2026, 4:48:04.891 AM",993358.1476,CHA,CURRENT,16375.19998,17887.38765,1203.74101,21126.36928,6.7295,0.4401,6835.130368,30011,CHA-HANA,4.0.260223.125026,dpserver,"4/18/2026, 4:48:04.891 AM",4372.685138,"4/18/2026, 4:48:04.894 AM","4/18/2026, 4:48:04.891 AM",CHA,SapHana_HighMemoryUsageService_CL,
63c81adf-e45b-4623-80a1-b89026218a34,RestAPI,,,"4/18/2026, 4:48:05.192 AM",,,"4/18/2026, 4:48:04.891 AM",993358.1476,CHA,CURRENT,12687.72331,13089.77971,230.302921,14475.53843,1.7594,0.1584,666.591232,30025,CHA-HANA,4.0.260223.125026,diserver,"4/18/2026, 4:48:04.891 AM",1573.717193,"4/18/2026, 4:48:04.894 AM","4/18/2026, 4:48:04.891 AM",CHA,SapHana_HighMemoryUsageService_CL,
63c81adf-e45b-4623-80a1-b89026218a34,RestAPI,,,"4/18/2026, 4:48:05.192 AM",,,"4/18/2026, 4:48:04.891 AM",993358.1476,CHA,CURRENT,65293.85603,68846.01037,3097.896075,72172.31872,4.4997,0.6396,59361.49299,30040,CHA-HANA,4.0.260223.125026,docstore,"4/18/2026, 4:48:04.891 AM",6354.388107,"4/18/2026, 4:48:04.894 AM","4/18/2026, 4:48:04.891 AM",CHA,SapHana_HighMemoryUsageService_CL,
63c81adf-e45b-4623-80a1-b89026218a34,RestAPI,,,"4/18/2026, 5:48:05.461 AM",,,"4/18/2026, 5:48:04.930 AM",993358.1476,SYSTEMDB,CURRENT,35466.04773,48156.02483,7825.428357,51967.78701,16.2501,1.1659,47608.48794,30001,CHA-HANA,4.0.260223.125026,nameserver,"4/18/2026, 5:48:04.930 AM",11582.40653,"4/18/2026, 5:48:04.930 AM","4/18/2026, 5:48:04.930 AM",CHA,SapHana_HighMemoryUsageService_CL,
63c81adf-e45b-4623-80a1-b89026218a34,RestAPI,,,"4/18/2026, 5:48:05.461 AM",,,"4/18/2026, 5:48:04.930 AM",993358.1476,,CURRENT,12687.12184,13136.54784,242.895519,13767.2704,1.849,0.0849,740.446208,30002,CHA-HANA,4.0.260223.125026,preprocessor,"4/18/2026, 5:48:04.930 AM",843.393695,"4/18/2026, 5:48:04.931 AM","4/18/2026, 5:48:04.930 AM",CHA,SapHana_HighMemoryUsageService_CL,
63c81adf-e45b-4623-80a1-b89026218a34,RestAPI,,,"4/18/2026, 5:48:05.461 AM",,,"4/18/2026, 5:48:04.930 AM",993358.1476,CHA,CURRENT,115803.9497,197207.5069,76132.59446,206924.2266,38.6053,8.6351,202058.1827,30003,CHA-HANA,4.0.260223.125026,indexserver,"4/18/2026, 5:48:04.930 AM",85778.25667,"4/18/2026, 5:48:04.931 AM","4/18/2026, 5:48:04.930 AM",CHA,SapHana_HighMemoryUsageService_CL,
63c81adf-e45b-4623-80a1-b89026218a34,RestAPI,,,"4/18/2026, 5:48:05.461 AM",,,"4/18/2026, 5:48:04.930 AM",993358.1476,CHA,CURRENT,11944.43603,14971.1831,2718.442141,18112.95846,18.1578,0.5831,3757.252608,30004,CHA-HANA,4.0.260223.125026,scriptserver,"4/18/2026, 5:48:04.930 AM",5792.498333,"4/18/2026, 5:48:04.931 AM","4/18/2026, 5:48:04.930 AM",CHA,SapHana_HighMemoryUsageService_CL,
63c81adf-e45b-4623-80a1-b89026218a34,RestAPI,,,"4/18/2026, 5:48:05.461 AM",,,"4/18/2026, 5:48:04.930 AM",993358.1476,,CURRENT,12460.5538,13113.11872,459.81725,14494.36774,3.5065,0.1807,896.155648,30006,CHA-HANA,4.0.260223.125026,webdispatcher,"4/18/2026, 5:48:04.930 AM",1795.719458,"4/18/2026, 5:48:04.931 AM","4/18/2026, 5:48:04.930 AM",CHA,SapHana_HighMemoryUsageService_CL,
63c81adf-e45b-4623-80a1-b89026218a34,RestAPI,,,"4/18/2026, 5:48:05.461 AM",,,"4/18/2026, 5:48:04.930 AM",993358.1476,CHA,CURRENT,16102.6556,17609.8304,1193.771919,21012.97562,6.779,0.4557,6215.860224,30007,CHA-HANA,4.0.260223.125026,xsengine,"4/18/2026, 5:48:04.930 AM",4526.744463,"4/18/2026, 5:48:04.931 AM","4/18/2026, 5:48:04.930 AM",CHA,SapHana_HighMemoryUsageService_CL,
63c81adf-e45b-4623-80a1-b89026218a34,RestAPI,,,"4/18/2026, 5:48:05.461 AM",,,"4/18/2026, 5:48:04.930 AM",993358.1476,,CURRENT,12720.46845,13112.22989,208.156538,13472.09626,1.5874,0.0542,1097.129984,30010,CHA-HANA,4.0.260223.125026,compileserver,"4/18/2026, 5:48:04.930 AM",539.338618,"4/18/2026, 5:48:04.931 AM","4/18/2026, 5:48:04.930 AM",CHA,SapHana_HighMemoryUsageService_CL,
63c81adf-e45b-4623-80a1-b89026218a34,RestAPI,,,"4/18/2026, 5:48:05.461 AM",,,"4/18/2026, 5:48:04.930 AM",993358.1476,CHA,CURRENT,16376.49432,17887.38765,1203.773898,21126.36928,6.7297,0.4401,6835.130368,30011,CHA-HANA,4.0.260223.125026,dpserver,"4/18/2026, 5:48:04.930 AM",4372.718026,"4/18/2026, 5:48:04.931 AM","4/18/2026, 5:48:04.930 AM",CHA,SapHana_HighMemoryUsageService_CL,
63c81adf-e45b-4623-80a1-b89026218a34,RestAPI,,,"4/18/2026, 5:48:05.461 AM",,,"4/18/2026, 5:48:04.930 AM",993358.1476,CHA,CURRENT,12687.72331,13089.77971,230.296753,14475.53843,1.7593,0.1584,666.591232,30025,CHA-HANA,4.0.260223.125026,diserver,"4/18/2026, 5:48:04.930 AM",1573.711025,"4/18/2026, 5:48:04.931 AM","4/18/2026, 5:48:04.930 AM",CHA,SapHana_HighMemoryUsageService_CL,
63c81adf-e45b-4623-80a1-b89026218a34,RestAPI,,,"4/18/2026, 5:48:05.461 AM",,,"4/18/2026, 5:48:04.930 AM",993358.1476,CHA,CURRENT,65291.75888,68846.01037,3097.932403,72172.31872,4.4997,0.6396,59361.49299,30040,CHA-HANA,4.0.260223.125026,docstore,"4/18/2026, 5:48:04.930 AM",6354.424435,"4/18/2026, 5:48:04.931 AM","4/18/2026, 5:48:04.930 AM",CHA,SapHana_HighMemoryUsageService_CL,
63c81adf-e45b-4623-80a1-b89026218a34,RestAPI,,,"4/18/2026, 2:48:04.995 AM",,,"4/18/2026, 2:48:04.677 AM",993358.1476,SYSTEMDB,CURRENT,35438.03347,48157.34784,7834.047425,51969.11002,16.2676,1.1668,47609.56518,30001,CHA-HANA,4.0.260223.125026,nameserver,"4/18/2026, 2:48:04.677 AM",11591.0256,"4/18/2026, 2:48:04.681 AM","4/18/2026, 2:48:04.677 AM",CHA,SapHana_HighMemoryUsageService_CL,
63c81adf-e45b-4623-80a1-b89026218a34,RestAPI,,,"4/18/2026, 2:48:04.995 AM",,,"4/18/2026, 2:48:04.677 AM",993358.1476,,CURRENT,12689.61221,13136.54784,242.900591,13767.2704,1.849,0.0849,740.446208,30002,CHA-HANA,4.0.260223.125026,preprocessor,"4/18/2026, 2:48:04.677 AM",843.398767,"4/18/2026, 2:48:04.681 AM","4/18/2026, 2:48:04.677 AM",CHA,SapHana_HighMemoryUsageService_CL,
63c81adf-e45b-4623-80a1-b89026218a34,RestAPI,,,"4/18/2026, 2:48:04.995 AM",,,"4/18/2026, 2:48:04.677 AM",993358.1476,CHA,CURRENT,115505.531,197202.2149,76228.06506,206918.9345,38.6547,8.6447,202052.9275,30003,CHA-HANA,4.0.260223.125026,indexserver,"4/18/2026, 2:48:04.677 AM",85873.72727,"4/18/2026, 2:48:04.681 AM","4/18/2026, 2:48:04.677 AM",CHA,SapHana_HighMemoryUsageService_CL,
63c81adf-e45b-4623-80a1-b89026218a34,RestAPI,,,"4/18/2026, 2:48:04.995 AM",,,"4/18/2026, 2:48:04.677 AM",993358.1476,CHA,CURRENT,11947.45069,14970.13453,2716.947869,18111.90989,18.1491,0.5829,3755.06944,30004,CHA-HANA,4.0.260223.125026,scriptserver,"4/18/2026, 2:48:04.677 AM",5791.004061,"4/18/2026, 2:48:04.681 AM","4/18/2026, 2:48:04.677 AM",CHA,SapHana_HighMemoryUsageService_CL,
63c81adf-e45b-4623-80a1-b89026218a34,RestAPI,,,"4/18/2026, 2:48:04.995 AM",,,"4/18/2026, 2:48:04.677 AM",993358.1476,,CURRENT,12462.65095,13113.11872,459.829258,14494.36774,3.5066,0.1807,896.155648,30006,CHA-HANA,4.0.260223.125026,webdispatcher,"4/18/2026, 2:48:04.677 AM",1795.731466,"4/18/2026, 2:48:04.681 AM","4/18/2026, 2:48:04.677 AM",CHA,SapHana_HighMemoryUsageService_CL,
63c81adf-e45b-4623-80a1-b89026218a34,RestAPI,,,"4/18/2026, 2:48:04.995 AM",,,"4/18/2026, 2:48:04.677 AM",993358.1476,CHA,CURRENT,16105.2115,17609.8304,1193.739463,21012.97562,6.7788,0.4556,6215.860224,30007,CHA-HANA,4.0.260223.125026,xsengine,"4/18/2026, 2:48:04.677 AM",4526.712007,"4/18/2026, 2:48:04.682 AM","4/18/2026, 2:48:04.677 AM",CHA,SapHana_HighMemoryUsageService_CL,
63c81adf-e45b-4623-80a1-b89026218a34,RestAPI,,,"4/18/2026, 2:48:04.995 AM",,,"4/18/2026, 2:48:04.677 AM",993358.1476,,CURRENT,12720.53398,13112.22989,208.17453,13472.09626,1.5876,0.0542,1097.129984,30010,CHA-HANA,4.0.260223.125026,compileserver,"4/18/2026, 2:48:04.677 AM",539.35661,"4/18/2026, 2:48:04.682 AM","4/18/2026, 2:48:04.677 AM",CHA,SapHana_HighMemoryUsageService_CL,
63c81adf-e45b-4623-80a1-b89026218a34,RestAPI,,,"4/18/2026, 2:48:04.995 AM",,,"4/18/2026, 2:48:04.677 AM",993358.1476,CHA,CURRENT,16376.822,17887.38765,1203.731394,21126.36928,6.7294,0.4401,6835.130368,30011,CHA-HANA,4.0.260223.125026,dpserver,"4/18/2026, 2:48:04.677 AM",4372.675522,"4/18/2026, 2:48:04.682 AM","4/18/2026, 2:48:04.677 AM",CHA,SapHana_HighMemoryUsageService_CL,
63c81adf-e45b-4623-80a1-b89026218a34,RestAPI,,,"4/18/2026, 2:48:04.995 AM",,,"4/18/2026, 2:48:04.677 AM",993358.1476,CHA,CURRENT,12687.78885,13089.77971,230.292553,14475.53843,1.7593,0.1584,666.591232,30025,CHA-HANA,4.0.260223.125026,diserver,"4/18/2026, 2:48:04.677 AM",1573.706825,"4/18/2026, 2:48:04.682 AM","4/18/2026, 2:48:04.677 AM",CHA,SapHana_HighMemoryUsageService_CL,
63c81adf-e45b-4623-80a1-b89026218a34,RestAPI,,,"4/18/2026, 2:48:04.995 AM",,,"4/18/2026, 2:48:04.677 AM",993358.1476,CHA,CURRENT,65296.6577,68846.01037,3097.886059,72172.31872,4.4997,0.6396,59361.49299,30040,CHA-HANA,4.0.260223.125026,docstore,"4/18/2026, 2:48:04.677 AM",6354.378091,"4/18/2026, 2:48:04.682 AM","4/18/2026, 2:48:04.677 AM",CHA,SapHana_HighMemoryUsageService_CL,
