TenantId,SourceSystem,MG,ManagementGroupName,TimeGenerated [Pacific Time (US and Canada) Tijuana],Computer,RawData,SERVER_LOCALTIME_t [Pacific Time (US and Canada) Tijuana],SERVER_UTC_t [Pacific Time (US and Canada) Tijuana],TIMESERIES_UTC_t [Pacific Time (US and Canada) Tijuana],CPU_d,DISK_SIZE_d,DISK_USED_d,HOST_s,MEMORY_ALLOCATION_LIMIT_d,MEMORY_RESIDENT_d,MEMORY_SIZE_d,MEMORY_TOTAL_RESIDENT_d,MEMORY_USED_d,NETWORK_OUT_d,PROVIDER_INSTANCE_s,SAPMON_VERSION_s,SCOPE_s,Time_Generated_t [Pacific Time (US and Canada) Tijuana],_SERVER_LOCALTIME_t [Pacific Time (US and Canada) Tijuana],_SERVER_UTC_t [Pacific Time (US and Canada) Tijuana],_TIMESERIES_UTC_t [Pacific Time (US and Canada) Tijuana],sapsid_s,NETWORK_IN_d,Type,_ResourceId
63c81adf-e45b-4623-80a1-b89026218a34,RestAPI,,,"4/18/2026, 6:16:05.032 AM",,,"4/18/2026, 6:15:13.914 AM","4/18/2026, 6:16:04.652 AM","4/18/2026, 6:15:13.914 AM",3,895.53,710.73,vchadcha01l10c,947340.15,313983.5,981654.93,260372.07,99090.83,-1,CHA-HANA,4.0.260223.125026,HOST,"4/18/2026, 6:16:04.755 AM","4/18/2026, 6:15:13.914 AM","4/18/2026, 6:16:04.652 AM","4/18/2026, 6:15:13.914 AM",CHA,,SapHana_LoadHistory_CL,
63c81adf-e45b-4623-80a1-b89026218a34,RestAPI,,,"4/18/2026, 6:16:05.032 AM",,,"4/18/2026, 6:15:23.986 AM","4/18/2026, 6:16:04.652 AM","4/18/2026, 6:15:23.986 AM",3,895.53,710.73,vchadcha01l10c,947340.15,313983.5,981654.93,260372.07,99091.02,1.4,CHA-HANA,4.0.260223.125026,HOST,"4/18/2026, 6:16:04.755 AM","4/18/2026, 6:15:23.986 AM","4/18/2026, 6:16:04.652 AM","4/18/2026, 6:15:23.986 AM",CHA,0.61,SapHana_LoadHistory_CL,
63c81adf-e45b-4623-80a1-b89026218a34,RestAPI,,,"4/18/2026, 6:16:05.032 AM",,,"4/18/2026, 6:15:34.055 AM","4/18/2026, 6:16:04.652 AM","4/18/2026, 6:15:34.055 AM",2,895.53,710.73,vchadcha01l10c,947340.15,313983.5,981654.93,260372.07,99105.89,0.16,CHA-HANA,4.0.260223.125026,HOST,"4/18/2026, 6:16:04.755 AM","4/18/2026, 6:15:34.055 AM","4/18/2026, 6:16:04.652 AM","4/18/2026, 6:15:34.055 AM",CHA,0.09,SapHana_LoadHistory_CL,
63c81adf-e45b-4623-80a1-b89026218a34,RestAPI,,,"4/18/2026, 6:16:05.032 AM",,,"4/18/2026, 6:15:44.128 AM","4/18/2026, 6:16:04.652 AM","4/18/2026, 6:15:44.128 AM",1,895.53,710.73,vchadcha01l10c,947340.15,313983.5,981654.93,260372.07,99091.52,0.2,CHA-HANA,4.0.260223.125026,HOST,"4/18/2026, 6:16:04.755 AM","4/18/2026, 6:15:44.128 AM","4/18/2026, 6:16:04.652 AM","4/18/2026, 6:15:44.128 AM",CHA,0.04,SapHana_LoadHistory_CL,
63c81adf-e45b-4623-80a1-b89026218a34,RestAPI,,,"4/18/2026, 6:16:05.032 AM",,,"4/18/2026, 6:15:54.199 AM","4/18/2026, 6:16:04.652 AM","4/18/2026, 6:15:54.199 AM",0,895.53,710.73,vchadcha01l10c,947340.15,313983.5,981654.93,260372.07,99091.47,0.07,CHA-HANA,4.0.260223.125026,HOST,"4/18/2026, 6:16:04.755 AM","4/18/2026, 6:15:54.199 AM","4/18/2026, 6:16:04.652 AM","4/18/2026, 6:15:54.199 AM",CHA,0.03,SapHana_LoadHistory_CL,
63c81adf-e45b-4623-80a1-b89026218a34,RestAPI,,,"4/18/2026, 6:16:05.032 AM",,,"4/18/2026, 6:16:04.268 AM","4/18/2026, 6:16:04.652 AM","4/18/2026, 6:16:04.268 AM",1,895.53,710.73,vchadcha01l10c,947340.15,313983.5,981654.93,260372.07,99104.55,0.12,CHA-HANA,4.0.260223.125026,HOST,"4/18/2026, 6:16:04.755 AM","4/18/2026, 6:16:04.268 AM","4/18/2026, 6:16:04.652 AM","4/18/2026, 6:16:04.268 AM",CHA,0.11,SapHana_LoadHistory_CL,
63c81adf-e45b-4623-80a1-b89026218a34,RestAPI,,,"4/18/2026, 6:17:04.557 AM",,,"4/18/2026, 6:16:14.339 AM","4/18/2026, 6:17:04.086 AM","4/18/2026, 6:16:14.339 AM",1,895.53,710.73,vchadcha01l10c,947340.15,313983.5,981654.93,260372.07,99064.79,-1,CHA-HANA,4.0.260223.125026,HOST,"4/18/2026, 6:17:04.215 AM","4/18/2026, 6:16:14.339 AM","4/18/2026, 6:17:04.086 AM","4/18/2026, 6:16:14.339 AM",CHA,,SapHana_LoadHistory_CL,
63c81adf-e45b-4623-80a1-b89026218a34,RestAPI,,,"4/18/2026, 6:17:04.557 AM",,,"4/18/2026, 6:16:24.413 AM","4/18/2026, 6:17:04.086 AM","4/18/2026, 6:16:24.413 AM",1,895.53,710.73,vchadcha01l10c,947340.15,313983.5,981654.93,260372.07,99066.82,4.7,CHA-HANA,4.0.260223.125026,HOST,"4/18/2026, 6:17:04.215 AM","4/18/2026, 6:16:24.413 AM","4/18/2026, 6:17:04.086 AM","4/18/2026, 6:16:24.413 AM",CHA,1.93,SapHana_LoadHistory_CL,
63c81adf-e45b-4623-80a1-b89026218a34,RestAPI,,,"4/18/2026, 6:17:04.557 AM",,,"4/18/2026, 6:16:34.484 AM","4/18/2026, 6:17:04.086 AM","4/18/2026, 6:16:34.484 AM",1,895.53,710.73,vchadcha01l10c,947340.15,313983.5,981654.93,260372.07,99067.7,0.12,CHA-HANA,4.0.260223.125026,HOST,"4/18/2026, 6:17:04.215 AM","4/18/2026, 6:16:34.484 AM","4/18/2026, 6:17:04.086 AM","4/18/2026, 6:16:34.484 AM",CHA,0.05,SapHana_LoadHistory_CL,
63c81adf-e45b-4623-80a1-b89026218a34,RestAPI,,,"4/18/2026, 6:17:04.557 AM",,,"4/18/2026, 6:16:44.558 AM","4/18/2026, 6:17:04.086 AM","4/18/2026, 6:16:44.558 AM",1,895.53,710.73,vchadcha01l10c,947340.15,313984.63,981654.93,260372.07,99068.86,0.29,CHA-HANA,4.0.260223.125026,HOST,"4/18/2026, 6:17:04.215 AM","4/18/2026, 6:16:44.558 AM","4/18/2026, 6:17:04.086 AM","4/18/2026, 6:16:44.558 AM",CHA,0.03,SapHana_LoadHistory_CL,
63c81adf-e45b-4623-80a1-b89026218a34,RestAPI,,,"4/18/2026, 6:17:04.557 AM",,,"4/18/2026, 6:16:54.634 AM","4/18/2026, 6:17:04.086 AM","4/18/2026, 6:16:54.634 AM",0,895.53,710.73,vchadcha01l10c,947340.15,313984.63,981654.93,260372.07,99068.82,0.29,CHA-HANA,4.0.260223.125026,HOST,"4/18/2026, 6:17:04.216 AM","4/18/2026, 6:16:54.634 AM","4/18/2026, 6:17:04.086 AM","4/18/2026, 6:16:54.634 AM",CHA,0.03,SapHana_LoadHistory_CL,
63c81adf-e45b-4623-80a1-b89026218a34,RestAPI,,,"4/18/2026, 6:18:05.883 AM",,,"4/18/2026, 6:17:04.704 AM","4/18/2026, 6:18:04.577 AM","4/18/2026, 6:17:04.704 AM",1,895.53,710.73,vchadcha01l10c,947340.15,313983.5,981654.93,260372.07,99142.75,-1,CHA-HANA,4.0.260223.125026,HOST,"4/18/2026, 6:18:04.706 AM","4/18/2026, 6:17:04.704 AM","4/18/2026, 6:18:04.577 AM","4/18/2026, 6:17:04.704 AM",CHA,,SapHana_LoadHistory_CL,
63c81adf-e45b-4623-80a1-b89026218a34,RestAPI,,,"4/18/2026, 6:18:05.883 AM",,,"4/18/2026, 6:17:14.780 AM","4/18/2026, 6:18:04.577 AM","4/18/2026, 6:17:14.780 AM",1,895.53,710.73,vchadcha01l10c,947340.15,313983.5,981654.93,260372.07,99067.96,0.45,CHA-HANA,4.0.260223.125026,HOST,"4/18/2026, 6:18:04.706 AM","4/18/2026, 6:17:14.780 AM","4/18/2026, 6:18:04.577 AM","4/18/2026, 6:17:14.780 AM",CHA,0.24,SapHana_LoadHistory_CL,
63c81adf-e45b-4623-80a1-b89026218a34,RestAPI,,,"4/18/2026, 6:18:05.883 AM",,,"4/18/2026, 6:17:24.856 AM","4/18/2026, 6:18:04.577 AM","4/18/2026, 6:17:24.856 AM",1,895.53,710.73,vchadcha01l10c,947340.15,313983.5,981654.93,260372.07,99068.14,1.58,CHA-HANA,4.0.260223.125026,HOST,"4/18/2026, 6:18:04.706 AM","4/18/2026, 6:17:24.856 AM","4/18/2026, 6:18:04.577 AM","4/18/2026, 6:17:24.856 AM",CHA,0.61,SapHana_LoadHistory_CL,
63c81adf-e45b-4623-80a1-b89026218a34,RestAPI,,,"4/18/2026, 6:18:05.883 AM",,,"4/18/2026, 6:17:34.928 AM","4/18/2026, 6:18:04.577 AM","4/18/2026, 6:17:34.928 AM",1,895.53,710.73,vchadcha01l10c,947340.15,313983.5,981654.93,260372.07,99068.79,0.15,CHA-HANA,4.0.260223.125026,HOST,"4/18/2026, 6:18:04.706 AM","4/18/2026, 6:17:34.928 AM","4/18/2026, 6:18:04.577 AM","4/18/2026, 6:17:34.928 AM",CHA,0.04,SapHana_LoadHistory_CL,
63c81adf-e45b-4623-80a1-b89026218a34,RestAPI,,,"4/18/2026, 6:18:05.883 AM",,,"4/18/2026, 6:17:44.999 AM","4/18/2026, 6:18:04.577 AM","4/18/2026, 6:17:44.999 AM",1,895.53,710.73,vchadcha01l10c,947340.15,313983.5,981654.93,260372.07,99069,0.14,CHA-HANA,4.0.260223.125026,HOST,"4/18/2026, 6:18:04.707 AM","4/18/2026, 6:17:44.999 AM","4/18/2026, 6:18:04.577 AM","4/18/2026, 6:17:44.999 AM",CHA,0.51,SapHana_LoadHistory_CL,
63c81adf-e45b-4623-80a1-b89026218a34,RestAPI,,,"4/18/2026, 6:18:05.883 AM",,,"4/18/2026, 6:17:55.070 AM","4/18/2026, 6:18:04.577 AM","4/18/2026, 6:17:55.070 AM",0,895.53,710.73,vchadcha01l10c,947340.15,313983.5,981654.93,260372.07,99068.91,0.07,CHA-HANA,4.0.260223.125026,HOST,"4/18/2026, 6:18:04.707 AM","4/18/2026, 6:17:55.070 AM","4/18/2026, 6:18:04.577 AM","4/18/2026, 6:17:55.070 AM",CHA,0.03,SapHana_LoadHistory_CL,
63c81adf-e45b-4623-80a1-b89026218a34,RestAPI,,,"4/18/2026, 6:19:04.592 AM",,,"4/18/2026, 6:18:05.145 AM","4/18/2026, 6:19:04.185 AM","4/18/2026, 6:18:05.145 AM",1,895.53,710.73,vchadcha01l10c,947340.15,313983.5,981654.93,260372.07,99149.68,-1,CHA-HANA,4.0.260223.125026,HOST,"4/18/2026, 6:19:04.308 AM","4/18/2026, 6:18:05.145 AM","4/18/2026, 6:19:04.185 AM","4/18/2026, 6:18:05.145 AM",CHA,,SapHana_LoadHistory_CL,
63c81adf-e45b-4623-80a1-b89026218a34,RestAPI,,,"4/18/2026, 6:19:04.592 AM",,,"4/18/2026, 6:18:15.214 AM","4/18/2026, 6:19:04.185 AM","4/18/2026, 6:18:15.214 AM",2,895.53,710.73,vchadcha01l10c,947340.15,313983.5,981654.93,260372.07,99069.27,6.64,CHA-HANA,4.0.260223.125026,HOST,"4/18/2026, 6:19:04.309 AM","4/18/2026, 6:18:15.214 AM","4/18/2026, 6:19:04.185 AM","4/18/2026, 6:18:15.214 AM",CHA,2.87,SapHana_LoadHistory_CL,
63c81adf-e45b-4623-80a1-b89026218a34,RestAPI,,,"4/18/2026, 6:19:04.592 AM",,,"4/18/2026, 6:18:25.284 AM","4/18/2026, 6:19:04.185 AM","4/18/2026, 6:18:25.284 AM",0,895.53,710.73,vchadcha01l10c,947340.15,313983.5,981654.93,260372.07,99070.06,0.33,CHA-HANA,4.0.260223.125026,HOST,"4/18/2026, 6:19:04.309 AM","4/18/2026, 6:18:25.284 AM","4/18/2026, 6:19:04.185 AM","4/18/2026, 6:18:25.284 AM",CHA,0.15,SapHana_LoadHistory_CL,
63c81adf-e45b-4623-80a1-b89026218a34,RestAPI,,,"4/18/2026, 6:19:04.592 AM",,,"4/18/2026, 6:18:35.357 AM","4/18/2026, 6:19:04.185 AM","4/18/2026, 6:18:35.357 AM",0,895.53,710.73,vchadcha01l10c,947340.15,313983.5,981654.93,260372.07,99070.32,0.81,CHA-HANA,4.0.260223.125026,HOST,"4/18/2026, 6:19:04.309 AM","4/18/2026, 6:18:35.357 AM","4/18/2026, 6:19:04.185 AM","4/18/2026, 6:18:35.357 AM",CHA,0.26,SapHana_LoadHistory_CL,
63c81adf-e45b-4623-80a1-b89026218a34,RestAPI,,,"4/18/2026, 6:19:04.592 AM",,,"4/18/2026, 6:18:45.429 AM","4/18/2026, 6:19:04.185 AM","4/18/2026, 6:18:45.429 AM",2,895.53,710.73,vchadcha01l10c,947340.15,313983.5,981654.93,260372.07,99070.19,0.11,CHA-HANA,4.0.260223.125026,HOST,"4/18/2026, 6:19:04.309 AM","4/18/2026, 6:18:45.429 AM","4/18/2026, 6:19:04.185 AM","4/18/2026, 6:18:45.429 AM",CHA,0.04,SapHana_LoadHistory_CL,
63c81adf-e45b-4623-80a1-b89026218a34,RestAPI,,,"4/18/2026, 6:19:04.592 AM",,,"4/18/2026, 6:18:55.500 AM","4/18/2026, 6:19:04.185 AM","4/18/2026, 6:18:55.500 AM",0,895.53,710.73,vchadcha01l10c,947340.15,313983.5,981654.93,260372.07,99069.98,0.07,CHA-HANA,4.0.260223.125026,HOST,"4/18/2026, 6:19:04.309 AM","4/18/2026, 6:18:55.500 AM","4/18/2026, 6:19:04.185 AM","4/18/2026, 6:18:55.500 AM",CHA,0.03,SapHana_LoadHistory_CL,
63c81adf-e45b-4623-80a1-b89026218a34,RestAPI,,,"4/18/2026, 6:20:05.943 AM",,,"4/18/2026, 6:19:05.570 AM","4/18/2026, 6:20:05.065 AM","4/18/2026, 6:19:05.570 AM",1,895.53,710.73,vchadcha01l10c,947340.15,313983.5,981654.93,260372.07,99118.17,-1,CHA-HANA,4.0.260223.125026,HOST,"4/18/2026, 6:20:05.223 AM","4/18/2026, 6:19:05.570 AM","4/18/2026, 6:20:05.065 AM","4/18/2026, 6:19:05.570 AM",CHA,,SapHana_LoadHistory_CL,
63c81adf-e45b-4623-80a1-b89026218a34,RestAPI,,,"4/18/2026, 6:20:05.943 AM",,,"4/18/2026, 6:19:15.639 AM","4/18/2026, 6:20:05.065 AM","4/18/2026, 6:19:15.639 AM",2,895.53,710.73,vchadcha01l10c,947340.15,313983.5,981654.93,260372.07,99076.12,2.23,CHA-HANA,4.0.260223.125026,HOST,"4/18/2026, 6:20:05.223 AM","4/18/2026, 6:19:15.639 AM","4/18/2026, 6:20:05.065 AM","4/18/2026, 6:19:15.639 AM",CHA,1.08,SapHana_LoadHistory_CL,
63c81adf-e45b-4623-80a1-b89026218a34,RestAPI,,,"4/18/2026, 6:20:05.943 AM",,,"4/18/2026, 6:19:25.710 AM","4/18/2026, 6:20:05.065 AM","4/18/2026, 6:19:25.710 AM",0,895.53,710.73,vchadcha01l10c,947340.15,313983.5,981654.93,260372.07,99075.63,0.19,CHA-HANA,4.0.260223.125026,HOST,"4/18/2026, 6:20:05.223 AM","4/18/2026, 6:19:25.710 AM","4/18/2026, 6:20:05.065 AM","4/18/2026, 6:19:25.710 AM",CHA,0.09,SapHana_LoadHistory_CL,
63c81adf-e45b-4623-80a1-b89026218a34,RestAPI,,,"4/18/2026, 6:20:05.943 AM",,,"4/18/2026, 6:19:35.780 AM","4/18/2026, 6:20:05.065 AM","4/18/2026, 6:19:35.780 AM",2,895.53,710.73,vchadcha01l10c,947340.15,313984.53,981654.93,260372.07,99589.78,0.12,CHA-HANA,4.0.260223.125026,HOST,"4/18/2026, 6:20:05.223 AM","4/18/2026, 6:19:35.780 AM","4/18/2026, 6:20:05.065 AM","4/18/2026, 6:19:35.780 AM",CHA,0.05,SapHana_LoadHistory_CL,
63c81adf-e45b-4623-80a1-b89026218a34,RestAPI,,,"4/18/2026, 6:20:05.943 AM",,,"4/18/2026, 6:19:45.851 AM","4/18/2026, 6:20:05.065 AM","4/18/2026, 6:19:45.851 AM",2,895.53,710.73,vchadcha01l10c,947340.15,313985.66,981654.93,260372.07,99591.8,0.25,CHA-HANA,4.0.260223.125026,HOST,"4/18/2026, 6:20:05.223 AM","4/18/2026, 6:19:45.851 AM","4/18/2026, 6:20:05.065 AM","4/18/2026, 6:19:45.851 AM",CHA,0.09,SapHana_LoadHistory_CL,
63c81adf-e45b-4623-80a1-b89026218a34,RestAPI,,,"4/18/2026, 6:20:05.943 AM",,,"4/18/2026, 6:19:55.928 AM","4/18/2026, 6:20:05.065 AM","4/18/2026, 6:19:55.928 AM",0,895.53,710.73,vchadcha01l10c,947340.15,313984.53,981654.93,260372.07,99590.44,0.07,CHA-HANA,4.0.260223.125026,HOST,"4/18/2026, 6:20:05.223 AM","4/18/2026, 6:19:55.928 AM","4/18/2026, 6:20:05.065 AM","4/18/2026, 6:19:55.928 AM",CHA,0.03,SapHana_LoadHistory_CL,
63c81adf-e45b-4623-80a1-b89026218a34,RestAPI,,,"4/18/2026, 6:21:06.159 AM",,,"4/18/2026, 6:20:05.998 AM","4/18/2026, 6:21:05.914 AM","4/18/2026, 6:20:05.998 AM",1,895.53,710.73,vchadcha01l10c,947340.15,313984.53,981654.93,260372.07,99607.28,-1,CHA-HANA,4.0.260223.125026,HOST,"4/18/2026, 6:21:06.031 AM","4/18/2026, 6:20:05.998 AM","4/18/2026, 6:21:05.914 AM","4/18/2026, 6:20:05.998 AM",CHA,,SapHana_LoadHistory_CL,
63c81adf-e45b-4623-80a1-b89026218a34,RestAPI,,,"4/18/2026, 6:21:06.159 AM",,,"4/18/2026, 6:20:16.068 AM","4/18/2026, 6:21:05.914 AM","4/18/2026, 6:20:16.068 AM",2,895.53,710.73,vchadcha01l10c,947340.15,313983.53,981654.93,260372.07,99600.27,5.28,CHA-HANA,4.0.260223.125026,HOST,"4/18/2026, 6:21:06.031 AM","4/18/2026, 6:20:16.068 AM","4/18/2026, 6:21:05.914 AM","4/18/2026, 6:20:16.068 AM",CHA,2.28,SapHana_LoadHistory_CL,
63c81adf-e45b-4623-80a1-b89026218a34,RestAPI,,,"4/18/2026, 6:21:06.159 AM",,,"4/18/2026, 6:20:26.143 AM","4/18/2026, 6:21:05.914 AM","4/18/2026, 6:20:26.143 AM",2,895.53,710.73,vchadcha01l10c,947340.15,313984.66,981654.93,260372.07,99114.8,11.3,CHA-HANA,4.0.260223.125026,HOST,"4/18/2026, 6:21:06.031 AM","4/18/2026, 6:20:26.143 AM","4/18/2026, 6:21:05.914 AM","4/18/2026, 6:20:26.143 AM",CHA,1.78,SapHana_LoadHistory_CL,
63c81adf-e45b-4623-80a1-b89026218a34,RestAPI,,,"4/18/2026, 6:21:06.159 AM",,,"4/18/2026, 6:20:36.213 AM","4/18/2026, 6:21:05.914 AM","4/18/2026, 6:20:36.213 AM",1,895.53,710.73,vchadcha01l10c,947340.15,313983.5,981654.93,260372.07,99093.28,15.15,CHA-HANA,4.0.260223.125026,HOST,"4/18/2026, 6:21:06.032 AM","4/18/2026, 6:20:36.213 AM","4/18/2026, 6:21:05.914 AM","4/18/2026, 6:20:36.213 AM",CHA,1.66,SapHana_LoadHistory_CL,
63c81adf-e45b-4623-80a1-b89026218a34,RestAPI,,,"4/18/2026, 6:21:06.159 AM",,,"4/18/2026, 6:20:46.289 AM","4/18/2026, 6:21:05.914 AM","4/18/2026, 6:20:46.289 AM",2,895.53,710.73,vchadcha01l10c,947340.15,313984.63,981654.93,260372.07,99096.07,0.09,CHA-HANA,4.0.260223.125026,HOST,"4/18/2026, 6:21:06.032 AM","4/18/2026, 6:20:46.289 AM","4/18/2026, 6:21:05.914 AM","4/18/2026, 6:20:46.289 AM",CHA,0.03,SapHana_LoadHistory_CL,
63c81adf-e45b-4623-80a1-b89026218a34,RestAPI,,,"4/18/2026, 6:21:06.159 AM",,,"4/18/2026, 6:20:56.365 AM","4/18/2026, 6:21:05.914 AM","4/18/2026, 6:20:56.365 AM",0,895.53,710.73,vchadcha01l10c,947340.15,313984.63,981654.93,260372.07,99095.93,0.46,CHA-HANA,4.0.260223.125026,HOST,"4/18/2026, 6:21:06.032 AM","4/18/2026, 6:20:56.365 AM","4/18/2026, 6:21:05.914 AM","4/18/2026, 6:20:56.365 AM",CHA,0.1,SapHana_LoadHistory_CL,
63c81adf-e45b-4623-80a1-b89026218a34,RestAPI,,,"4/18/2026, 6:22:05.301 AM",,,"4/18/2026, 6:21:06.433 AM","4/18/2026, 6:22:04.632 AM","4/18/2026, 6:21:06.433 AM",2,895.53,710.73,vchadcha01l10c,947340.15,313984.53,981654.93,260372.07,99163.18,-1,CHA-HANA,4.0.260223.125026,HOST,"4/18/2026, 6:22:04.770 AM","4/18/2026, 6:21:06.433 AM","4/18/2026, 6:22:04.632 AM","4/18/2026, 6:21:06.433 AM",CHA,,SapHana_LoadHistory_CL,
63c81adf-e45b-4623-80a1-b89026218a34,RestAPI,,,"4/18/2026, 6:22:05.301 AM",,,"4/18/2026, 6:21:16.502 AM","4/18/2026, 6:22:04.632 AM","4/18/2026, 6:21:16.502 AM",1,895.53,710.73,vchadcha01l10c,947340.15,313985.55,981654.93,260372.07,99152.25,5.37,CHA-HANA,4.0.260223.125026,HOST,"4/18/2026, 6:22:04.770 AM","4/18/2026, 6:21:16.502 AM","4/18/2026, 6:22:04.632 AM","4/18/2026, 6:21:16.502 AM",CHA,1.35,SapHana_LoadHistory_CL,
63c81adf-e45b-4623-80a1-b89026218a34,RestAPI,,,"4/18/2026, 6:22:05.301 AM",,,"4/18/2026, 6:21:26.572 AM","4/18/2026, 6:22:04.632 AM","4/18/2026, 6:21:26.572 AM",3,895.53,710.73,vchadcha01l10c,947340.15,314001.64,981654.93,260372.07,99170.1,2.91,CHA-HANA,4.0.260223.125026,HOST,"4/18/2026, 6:22:04.770 AM","4/18/2026, 6:21:26.572 AM","4/18/2026, 6:22:04.632 AM","4/18/2026, 6:21:26.572 AM",CHA,1.43,SapHana_LoadHistory_CL,
63c81adf-e45b-4623-80a1-b89026218a34,RestAPI,,,"4/18/2026, 6:22:05.301 AM",,,"4/18/2026, 6:21:36.646 AM","4/18/2026, 6:22:04.632 AM","4/18/2026, 6:21:36.646 AM",1,895.53,710.73,vchadcha01l10c,947340.15,313985.66,981654.93,260372.07,99156.14,8.98,CHA-HANA,4.0.260223.125026,HOST,"4/18/2026, 6:22:04.770 AM","4/18/2026, 6:21:36.646 AM","4/18/2026, 6:22:04.632 AM","4/18/2026, 6:21:36.646 AM",CHA,0.2,SapHana_LoadHistory_CL,
63c81adf-e45b-4623-80a1-b89026218a34,RestAPI,,,"4/18/2026, 6:22:05.301 AM",,,"4/18/2026, 6:21:46.721 AM","4/18/2026, 6:22:04.632 AM","4/18/2026, 6:21:46.721 AM",1,895.53,710.73,vchadcha01l10c,947340.15,313986.69,981654.93,260372.07,99157.32,14.83,CHA-HANA,4.0.260223.125026,HOST,"4/18/2026, 6:22:04.770 AM","4/18/2026, 6:21:46.721 AM","4/18/2026, 6:22:04.632 AM","4/18/2026, 6:21:46.721 AM",CHA,1.05,SapHana_LoadHistory_CL,
63c81adf-e45b-4623-80a1-b89026218a34,RestAPI,,,"4/18/2026, 6:22:05.301 AM",,,"4/18/2026, 6:21:56.791 AM","4/18/2026, 6:22:04.632 AM","4/18/2026, 6:21:56.791 AM",0,895.53,710.73,vchadcha01l10c,947340.15,313985.66,981654.93,260372.07,99156.08,0.18,CHA-HANA,4.0.260223.125026,HOST,"4/18/2026, 6:22:04.770 AM","4/18/2026, 6:21:56.791 AM","4/18/2026, 6:22:04.632 AM","4/18/2026, 6:21:56.791 AM",CHA,0.03,SapHana_LoadHistory_CL,
63c81adf-e45b-4623-80a1-b89026218a34,RestAPI,,,"4/18/2026, 6:24:04.750 AM",,,"4/18/2026, 6:23:07.309 AM","4/18/2026, 6:24:04.262 AM","4/18/2026, 6:23:07.309 AM",2,895.53,710.73,vchadcha01l10c,947340.15,313985.77,981654.93,260372.07,98964.59,-1,CHA-HANA,4.0.260223.125026,HOST,"4/18/2026, 6:24:04.376 AM","4/18/2026, 6:23:07.309 AM","4/18/2026, 6:24:04.262 AM","4/18/2026, 6:23:07.309 AM",CHA,,SapHana_LoadHistory_CL,
63c81adf-e45b-4623-80a1-b89026218a34,RestAPI,,,"4/18/2026, 6:24:04.750 AM",,,"4/18/2026, 6:23:17.380 AM","4/18/2026, 6:24:04.262 AM","4/18/2026, 6:23:17.380 AM",1,895.53,710.73,vchadcha01l10c,947340.15,313984.63,981654.93,260372.07,98962.72,1.99,CHA-HANA,4.0.260223.125026,HOST,"4/18/2026, 6:24:04.376 AM","4/18/2026, 6:23:17.380 AM","4/18/2026, 6:24:04.262 AM","4/18/2026, 6:23:17.380 AM",CHA,1.09,SapHana_LoadHistory_CL,
63c81adf-e45b-4623-80a1-b89026218a34,RestAPI,,,"4/18/2026, 6:24:04.750 AM",,,"4/18/2026, 6:23:27.448 AM","4/18/2026, 6:24:04.262 AM","4/18/2026, 6:23:27.448 AM",1,895.53,710.73,vchadcha01l10c,947340.15,313985.66,981654.93,260372.07,99220.06,23.1,CHA-HANA,4.0.260223.125026,HOST,"4/18/2026, 6:24:04.376 AM","4/18/2026, 6:23:27.448 AM","4/18/2026, 6:24:04.262 AM","4/18/2026, 6:23:27.448 AM",CHA,0.9,SapHana_LoadHistory_CL,
63c81adf-e45b-4623-80a1-b89026218a34,RestAPI,,,"4/18/2026, 6:24:04.750 AM",,,"4/18/2026, 6:23:37.522 AM","4/18/2026, 6:24:04.262 AM","4/18/2026, 6:23:37.522 AM",2,895.53,710.73,vchadcha01l10c,947340.15,313985.66,981654.93,260372.07,99242.58,0.5,CHA-HANA,4.0.260223.125026,HOST,"4/18/2026, 6:24:04.376 AM","4/18/2026, 6:23:37.522 AM","4/18/2026, 6:24:04.262 AM","4/18/2026, 6:23:37.522 AM",CHA,0.19,SapHana_LoadHistory_CL,
63c81adf-e45b-4623-80a1-b89026218a34,RestAPI,,,"4/18/2026, 6:24:04.750 AM",,,"4/18/2026, 6:23:47.594 AM","4/18/2026, 6:24:04.262 AM","4/18/2026, 6:23:47.594 AM",1,895.53,710.73,vchadcha01l10c,947340.15,313985.66,981654.93,260372.07,99220.59,0.11,CHA-HANA,4.0.260223.125026,HOST,"4/18/2026, 6:24:04.376 AM","4/18/2026, 6:23:47.594 AM","4/18/2026, 6:24:04.262 AM","4/18/2026, 6:23:47.594 AM",CHA,0.03,SapHana_LoadHistory_CL,
63c81adf-e45b-4623-80a1-b89026218a34,RestAPI,,,"4/18/2026, 6:24:04.750 AM",,,"4/18/2026, 6:23:57.664 AM","4/18/2026, 6:24:04.262 AM","4/18/2026, 6:23:57.664 AM",1,895.53,710.73,vchadcha01l10c,947340.15,313985.66,981654.93,260372.07,99220.76,0.07,CHA-HANA,4.0.260223.125026,HOST,"4/18/2026, 6:24:04.376 AM","4/18/2026, 6:23:57.664 AM","4/18/2026, 6:24:04.262 AM","4/18/2026, 6:23:57.664 AM",CHA,0.03,SapHana_LoadHistory_CL,
63c81adf-e45b-4623-80a1-b89026218a34,RestAPI,,,"4/18/2026, 6:25:05.356 AM",,,"4/18/2026, 6:24:07.739 AM","4/18/2026, 6:25:04.520 AM","4/18/2026, 6:24:07.739 AM",1,895.53,710.73,vchadcha01l10c,947340.15,313986.69,981654.93,260372.07,99222.79,-1,CHA-HANA,4.0.260223.125026,HOST,"4/18/2026, 6:25:04.675 AM","4/18/2026, 6:24:07.739 AM","4/18/2026, 6:25:04.520 AM","4/18/2026, 6:24:07.739 AM",CHA,,SapHana_LoadHistory_CL,
63c81adf-e45b-4623-80a1-b89026218a34,RestAPI,,,"4/18/2026, 6:25:05.356 AM",,,"4/18/2026, 6:24:17.816 AM","4/18/2026, 6:25:04.520 AM","4/18/2026, 6:24:17.816 AM",3,895.53,710.73,vchadcha01l10c,947340.15,313985.69,981654.93,260372.07,98978.64,7.82,CHA-HANA,4.0.260223.125026,HOST,"4/18/2026, 6:25:04.675 AM","4/18/2026, 6:24:17.816 AM","4/18/2026, 6:25:04.520 AM","4/18/2026, 6:24:17.816 AM",CHA,79.88,SapHana_LoadHistory_CL,
63c81adf-e45b-4623-80a1-b89026218a34,RestAPI,,,"4/18/2026, 6:25:05.356 AM",,,"4/18/2026, 6:24:27.884 AM","4/18/2026, 6:25:04.520 AM","4/18/2026, 6:24:27.884 AM",0,895.53,710.73,vchadcha01l10c,947340.15,313985.69,981654.93,260372.07,98978.43,2.51,CHA-HANA,4.0.260223.125026,HOST,"4/18/2026, 6:25:04.675 AM","4/18/2026, 6:24:27.884 AM","4/18/2026, 6:25:04.520 AM","4/18/2026, 6:24:27.884 AM",CHA,0.23,SapHana_LoadHistory_CL,
63c81adf-e45b-4623-80a1-b89026218a34,RestAPI,,,"4/18/2026, 6:25:05.356 AM",,,"4/18/2026, 6:24:37.958 AM","4/18/2026, 6:25:04.520 AM","4/18/2026, 6:24:37.958 AM",1,895.53,710.73,vchadcha01l10c,947340.15,313984.63,981654.93,260372.07,98966.45,0.12,CHA-HANA,4.0.260223.125026,HOST,"4/18/2026, 6:25:04.675 AM","4/18/2026, 6:24:37.958 AM","4/18/2026, 6:25:04.520 AM","4/18/2026, 6:24:37.958 AM",CHA,0.05,SapHana_LoadHistory_CL,
63c81adf-e45b-4623-80a1-b89026218a34,RestAPI,,,"4/18/2026, 6:25:05.356 AM",,,"4/18/2026, 6:24:48.034 AM","4/18/2026, 6:25:04.520 AM","4/18/2026, 6:24:48.034 AM",0,895.53,710.73,vchadcha01l10c,947340.15,313984.63,981654.93,260372.07,98966.41,0.11,CHA-HANA,4.0.260223.125026,HOST,"4/18/2026, 6:25:04.675 AM","4/18/2026, 6:24:48.034 AM","4/18/2026, 6:25:04.520 AM","4/18/2026, 6:24:48.034 AM",CHA,0.03,SapHana_LoadHistory_CL,
63c81adf-e45b-4623-80a1-b89026218a34,RestAPI,,,"4/18/2026, 6:25:05.356 AM",,,"4/18/2026, 6:24:58.109 AM","4/18/2026, 6:25:04.520 AM","4/18/2026, 6:24:58.109 AM",1,895.53,710.73,vchadcha01l10c,947340.15,313984.63,981654.93,260372.07,98966.4,0.1,CHA-HANA,4.0.260223.125026,HOST,"4/18/2026, 6:25:04.675 AM","4/18/2026, 6:24:58.109 AM","4/18/2026, 6:25:04.520 AM","4/18/2026, 6:24:58.109 AM",CHA,0.06,SapHana_LoadHistory_CL,
63c81adf-e45b-4623-80a1-b89026218a34,RestAPI,,,"4/18/2026, 6:27:05.176 AM",,,"4/18/2026, 6:26:08.631 AM","4/18/2026, 6:27:04.646 AM","4/18/2026, 6:26:08.631 AM",1,895.53,710.73,vchadcha01l10c,947340.15,313984.63,981654.93,260372.07,98975.09,-1,CHA-HANA,4.0.260223.125026,HOST,"4/18/2026, 6:27:04.784 AM","4/18/2026, 6:26:08.631 AM","4/18/2026, 6:27:04.646 AM","4/18/2026, 6:26:08.631 AM",CHA,,SapHana_LoadHistory_CL,
63c81adf-e45b-4623-80a1-b89026218a34,RestAPI,,,"4/18/2026, 6:27:05.176 AM",,,"4/18/2026, 6:26:18.700 AM","4/18/2026, 6:27:04.646 AM","4/18/2026, 6:26:18.700 AM",1,895.53,710.73,vchadcha01l10c,947340.15,313984.63,981654.93,260372.07,98975.43,3.61,CHA-HANA,4.0.260223.125026,HOST,"4/18/2026, 6:27:04.784 AM","4/18/2026, 6:26:18.700 AM","4/18/2026, 6:27:04.646 AM","4/18/2026, 6:26:18.700 AM",CHA,1.38,SapHana_LoadHistory_CL,
63c81adf-e45b-4623-80a1-b89026218a34,RestAPI,,,"4/18/2026, 6:27:05.176 AM",,,"4/18/2026, 6:26:28.771 AM","4/18/2026, 6:27:04.646 AM","4/18/2026, 6:26:28.771 AM",1,895.53,710.73,vchadcha01l10c,947340.15,313984.63,981654.93,260372.07,98976.62,0.54,CHA-HANA,4.0.260223.125026,HOST,"4/18/2026, 6:27:04.784 AM","4/18/2026, 6:26:28.771 AM","4/18/2026, 6:27:04.646 AM","4/18/2026, 6:26:28.771 AM",CHA,0.28,SapHana_LoadHistory_CL,
63c81adf-e45b-4623-80a1-b89026218a34,RestAPI,,,"4/18/2026, 6:27:05.176 AM",,,"4/18/2026, 6:26:38.847 AM","4/18/2026, 6:27:04.646 AM","4/18/2026, 6:26:38.847 AM",1,895.53,710.73,vchadcha01l10c,947340.15,313984.63,981654.93,260372.07,98976.88,0.08,CHA-HANA,4.0.260223.125026,HOST,"4/18/2026, 6:27:04.784 AM","4/18/2026, 6:26:38.847 AM","4/18/2026, 6:27:04.646 AM","4/18/2026, 6:26:38.847 AM",CHA,0.04,SapHana_LoadHistory_CL,
63c81adf-e45b-4623-80a1-b89026218a34,RestAPI,,,"4/18/2026, 6:27:05.176 AM",,,"4/18/2026, 6:26:48.924 AM","4/18/2026, 6:27:04.646 AM","4/18/2026, 6:26:48.924 AM",0,895.53,710.73,vchadcha01l10c,947340.15,313984.63,981654.93,260372.07,98976.82,0.1,CHA-HANA,4.0.260223.125026,HOST,"4/18/2026, 6:27:04.784 AM","4/18/2026, 6:26:48.924 AM","4/18/2026, 6:27:04.646 AM","4/18/2026, 6:26:48.924 AM",CHA,0.03,SapHana_LoadHistory_CL,
63c81adf-e45b-4623-80a1-b89026218a34,RestAPI,,,"4/18/2026, 6:27:05.176 AM",,,"4/18/2026, 6:26:58.996 AM","4/18/2026, 6:27:04.646 AM","4/18/2026, 6:26:58.996 AM",1,895.53,710.73,vchadcha01l10c,947340.15,313984.63,981654.93,260372.07,98976.79,0.09,CHA-HANA,4.0.260223.125026,HOST,"4/18/2026, 6:27:04.784 AM","4/18/2026, 6:26:58.996 AM","4/18/2026, 6:27:04.646 AM","4/18/2026, 6:26:58.996 AM",CHA,0.03,SapHana_LoadHistory_CL,
63c81adf-e45b-4623-80a1-b89026218a34,RestAPI,,,"4/18/2026, 6:04:05.718 AM",,,"4/18/2026, 6:03:08.743 AM","4/18/2026, 6:04:05.260 AM","4/18/2026, 6:03:08.743 AM",2,895.53,710.73,vchadcha01l10c,947340.15,313984.53,981654.93,260372.07,99080.91,-1,CHA-HANA,4.0.260223.125026,HOST,"4/18/2026, 6:04:05.401 AM","4/18/2026, 6:03:08.743 AM","4/18/2026, 6:04:05.260 AM","4/18/2026, 6:03:08.743 AM",CHA,,SapHana_LoadHistory_CL,
63c81adf-e45b-4623-80a1-b89026218a34,RestAPI,,,"4/18/2026, 6:04:05.718 AM",,,"4/18/2026, 6:03:18.815 AM","4/18/2026, 6:04:05.260 AM","4/18/2026, 6:03:18.815 AM",1,895.53,710.73,vchadcha01l10c,947340.15,313983.5,981654.93,260372.07,99079.34,1.1,CHA-HANA,4.0.260223.125026,HOST,"4/18/2026, 6:04:05.401 AM","4/18/2026, 6:03:18.815 AM","4/18/2026, 6:04:05.260 AM","4/18/2026, 6:03:18.815 AM",CHA,0.42,SapHana_LoadHistory_CL,
63c81adf-e45b-4623-80a1-b89026218a34,RestAPI,,,"4/18/2026, 6:04:05.718 AM",,,"4/18/2026, 6:03:28.887 AM","4/18/2026, 6:04:05.260 AM","4/18/2026, 6:03:28.887 AM",0,895.53,710.73,vchadcha01l10c,947340.15,313983.5,981654.93,260372.07,99079.4,0.12,CHA-HANA,4.0.260223.125026,HOST,"4/18/2026, 6:04:05.401 AM","4/18/2026, 6:03:28.887 AM","4/18/2026, 6:04:05.260 AM","4/18/2026, 6:03:28.887 AM",CHA,0.03,SapHana_LoadHistory_CL,
63c81adf-e45b-4623-80a1-b89026218a34,RestAPI,,,"4/18/2026, 6:04:05.718 AM",,,"4/18/2026, 6:03:38.961 AM","4/18/2026, 6:04:05.260 AM","4/18/2026, 6:03:38.961 AM",1,895.53,710.73,vchadcha01l10c,947340.15,313983.5,981654.93,260372.07,99079.37,0.1,CHA-HANA,4.0.260223.125026,HOST,"4/18/2026, 6:04:05.401 AM","4/18/2026, 6:03:38.961 AM","4/18/2026, 6:04:05.260 AM","4/18/2026, 6:03:38.961 AM",CHA,0.04,SapHana_LoadHistory_CL,
63c81adf-e45b-4623-80a1-b89026218a34,RestAPI,,,"4/18/2026, 6:04:05.718 AM",,,"4/18/2026, 6:03:49.032 AM","4/18/2026, 6:04:05.260 AM","4/18/2026, 6:03:49.032 AM",1,895.53,710.73,vchadcha01l10c,947340.15,313984.53,981654.93,260372.07,99079.74,0.1,CHA-HANA,4.0.260223.125026,HOST,"4/18/2026, 6:04:05.401 AM","4/18/2026, 6:03:49.032 AM","4/18/2026, 6:04:05.260 AM","4/18/2026, 6:03:49.032 AM",CHA,0.03,SapHana_LoadHistory_CL,
63c81adf-e45b-4623-80a1-b89026218a34,RestAPI,,,"4/18/2026, 6:04:05.718 AM",,,"4/18/2026, 6:03:59.102 AM","4/18/2026, 6:04:05.260 AM","4/18/2026, 6:03:59.102 AM",1,895.53,710.73,vchadcha01l10c,947340.15,313983.5,981654.93,260372.07,99078.44,0.07,CHA-HANA,4.0.260223.125026,HOST,"4/18/2026, 6:04:05.401 AM","4/18/2026, 6:03:59.102 AM","4/18/2026, 6:04:05.260 AM","4/18/2026, 6:03:59.102 AM",CHA,0.03,SapHana_LoadHistory_CL,
63c81adf-e45b-4623-80a1-b89026218a34,RestAPI,,,"4/18/2026, 6:13:04.561 AM",,,"4/18/2026, 6:12:12.646 AM","4/18/2026, 6:13:04.050 AM","4/18/2026, 6:12:12.646 AM",3,895.53,710.73,vchadcha01l10c,947340.15,313985.55,981654.93,260372.07,99655.7,-1,CHA-HANA,4.0.260223.125026,HOST,"4/18/2026, 6:13:04.179 AM","4/18/2026, 6:12:12.646 AM","4/18/2026, 6:13:04.050 AM","4/18/2026, 6:12:12.646 AM",CHA,,SapHana_LoadHistory_CL,
63c81adf-e45b-4623-80a1-b89026218a34,RestAPI,,,"4/18/2026, 6:13:04.561 AM",,,"4/18/2026, 6:12:22.719 AM","4/18/2026, 6:13:04.050 AM","4/18/2026, 6:12:22.719 AM",3,895.53,710.73,vchadcha01l10c,947340.15,313986.58,981654.93,260372.07,99659.25,5.33,CHA-HANA,4.0.260223.125026,HOST,"4/18/2026, 6:13:04.179 AM","4/18/2026, 6:12:22.719 AM","4/18/2026, 6:13:04.050 AM","4/18/2026, 6:12:22.719 AM",CHA,2.27,SapHana_LoadHistory_CL,
63c81adf-e45b-4623-80a1-b89026218a34,RestAPI,,,"4/18/2026, 6:13:04.561 AM",,,"4/18/2026, 6:12:32.788 AM","4/18/2026, 6:13:04.050 AM","4/18/2026, 6:12:32.788 AM",0,895.53,710.73,vchadcha01l10c,947340.15,313986.58,981654.93,260372.07,99658.11,0.18,CHA-HANA,4.0.260223.125026,HOST,"4/18/2026, 6:13:04.179 AM","4/18/2026, 6:12:32.788 AM","4/18/2026, 6:13:04.050 AM","4/18/2026, 6:12:32.788 AM",CHA,0.06,SapHana_LoadHistory_CL,
63c81adf-e45b-4623-80a1-b89026218a34,RestAPI,,,"4/18/2026, 6:13:04.561 AM",,,"4/18/2026, 6:12:42.857 AM","4/18/2026, 6:13:04.050 AM","4/18/2026, 6:12:42.857 AM",2,895.53,710.73,vchadcha01l10c,947340.15,313986.58,981654.93,260372.07,99658.89,0.25,CHA-HANA,4.0.260223.125026,HOST,"4/18/2026, 6:13:04.179 AM","4/18/2026, 6:12:42.857 AM","4/18/2026, 6:13:04.050 AM","4/18/2026, 6:12:42.857 AM",CHA,0.52,SapHana_LoadHistory_CL,
63c81adf-e45b-4623-80a1-b89026218a34,RestAPI,,,"4/18/2026, 6:13:04.561 AM",,,"4/18/2026, 6:12:52.924 AM","4/18/2026, 6:13:04.050 AM","4/18/2026, 6:12:52.924 AM",1,895.53,710.73,vchadcha01l10c,947340.15,313989.96,981654.93,260372.07,99661.28,0.09,CHA-HANA,4.0.260223.125026,HOST,"4/18/2026, 6:13:04.179 AM","4/18/2026, 6:12:52.924 AM","4/18/2026, 6:13:04.050 AM","4/18/2026, 6:12:52.924 AM",CHA,0.03,SapHana_LoadHistory_CL,
63c81adf-e45b-4623-80a1-b89026218a34,RestAPI,,,"4/18/2026, 6:13:04.561 AM",,,"4/18/2026, 6:13:02.994 AM","4/18/2026, 6:13:04.050 AM","4/18/2026, 6:13:02.994 AM",2,895.53,710.73,vchadcha01l10c,947340.15,313997.8,981654.93,260372.07,99170.75,25.73,CHA-HANA,4.0.260223.125026,HOST,"4/18/2026, 6:13:04.179 AM","4/18/2026, 6:13:02.994 AM","4/18/2026, 6:13:04.050 AM","4/18/2026, 6:13:02.994 AM",CHA,0.1,SapHana_LoadHistory_CL,
63c81adf-e45b-4623-80a1-b89026218a34,RestAPI,,,"4/18/2026, 6:14:04.530 AM",,,"4/18/2026, 6:13:13.066 AM","4/18/2026, 6:14:03.978 AM","4/18/2026, 6:13:13.066 AM",2,895.53,710.73,vchadcha01l10c,947340.15,313987.75,981654.93,260372.07,99178.39,-1,CHA-HANA,4.0.260223.125026,HOST,"4/18/2026, 6:14:04.153 AM","4/18/2026, 6:13:13.066 AM","4/18/2026, 6:14:03.978 AM","4/18/2026, 6:13:13.066 AM",CHA,,SapHana_LoadHistory_CL,
63c81adf-e45b-4623-80a1-b89026218a34,RestAPI,,,"4/18/2026, 6:14:04.530 AM",,,"4/18/2026, 6:13:23.141 AM","4/18/2026, 6:14:03.978 AM","4/18/2026, 6:13:23.141 AM",1,895.53,710.73,vchadcha01l10c,947340.15,313985.66,981654.93,260372.07,99152.81,8.87,CHA-HANA,4.0.260223.125026,HOST,"4/18/2026, 6:14:04.154 AM","4/18/2026, 6:13:23.141 AM","4/18/2026, 6:14:03.978 AM","4/18/2026, 6:13:23.141 AM",CHA,0.45,SapHana_LoadHistory_CL,
63c81adf-e45b-4623-80a1-b89026218a34,RestAPI,,,"4/18/2026, 6:14:04.530 AM",,,"4/18/2026, 6:13:33.205 AM","4/18/2026, 6:14:03.978 AM","4/18/2026, 6:13:33.205 AM",1,895.53,710.73,vchadcha01l10c,947340.15,313984.53,981654.93,260372.07,99190.36,0.09,CHA-HANA,4.0.260223.125026,HOST,"4/18/2026, 6:14:04.154 AM","4/18/2026, 6:13:33.205 AM","4/18/2026, 6:14:03.978 AM","4/18/2026, 6:13:33.205 AM",CHA,0.04,SapHana_LoadHistory_CL,
63c81adf-e45b-4623-80a1-b89026218a34,RestAPI,,,"4/18/2026, 6:14:04.530 AM",,,"4/18/2026, 6:13:43.277 AM","4/18/2026, 6:14:03.978 AM","4/18/2026, 6:13:43.277 AM",2,895.53,710.73,vchadcha01l10c,947340.15,313984.53,981654.93,260372.07,99153.98,0.7,CHA-HANA,4.0.260223.125026,HOST,"4/18/2026, 6:14:04.154 AM","4/18/2026, 6:13:43.277 AM","4/18/2026, 6:14:03.978 AM","4/18/2026, 6:13:43.277 AM",CHA,0.25,SapHana_LoadHistory_CL,
63c81adf-e45b-4623-80a1-b89026218a34,RestAPI,,,"4/18/2026, 6:14:04.530 AM",,,"4/18/2026, 6:13:53.348 AM","4/18/2026, 6:14:03.978 AM","4/18/2026, 6:13:53.348 AM",0,895.53,710.73,vchadcha01l10c,947340.15,313984.53,981654.93,260372.07,99152.2,0.1,CHA-HANA,4.0.260223.125026,HOST,"4/18/2026, 6:14:04.154 AM","4/18/2026, 6:13:53.348 AM","4/18/2026, 6:14:03.978 AM","4/18/2026, 6:13:53.348 AM",CHA,0.04,SapHana_LoadHistory_CL,
63c81adf-e45b-4623-80a1-b89026218a34,RestAPI,,,"4/18/2026, 6:14:04.530 AM",,,"4/18/2026, 6:14:03.418 AM","4/18/2026, 6:14:03.978 AM","4/18/2026, 6:14:03.418 AM",3,895.53,710.73,vchadcha01l10c,947340.15,313999.22,981654.93,260372.07,99153.84,0.33,CHA-HANA,4.0.260223.125026,HOST,"4/18/2026, 6:14:04.154 AM","4/18/2026, 6:14:03.418 AM","4/18/2026, 6:14:03.978 AM","4/18/2026, 6:14:03.418 AM",CHA,0.15,SapHana_LoadHistory_CL,
63c81adf-e45b-4623-80a1-b89026218a34,RestAPI,,,"4/18/2026, 6:28:04.841 AM",,,"4/18/2026, 6:27:09.072 AM","4/18/2026, 6:28:04.425 AM","4/18/2026, 6:27:09.072 AM",2,895.53,710.73,vchadcha01l10c,947340.15,313984.63,981654.93,260372.07,98980.72,-1,CHA-HANA,4.0.260223.125026,HOST,"4/18/2026, 6:28:04.554 AM","4/18/2026, 6:27:09.072 AM","4/18/2026, 6:28:04.425 AM","4/18/2026, 6:27:09.072 AM",CHA,,SapHana_LoadHistory_CL,
63c81adf-e45b-4623-80a1-b89026218a34,RestAPI,,,"4/18/2026, 6:28:04.841 AM",,,"4/18/2026, 6:27:19.144 AM","4/18/2026, 6:28:04.425 AM","4/18/2026, 6:27:19.144 AM",1,895.53,710.73,vchadcha01l10c,947340.15,313984.63,981654.93,260372.07,98980.38,1.35,CHA-HANA,4.0.260223.125026,HOST,"4/18/2026, 6:28:04.554 AM","4/18/2026, 6:27:19.144 AM","4/18/2026, 6:28:04.425 AM","4/18/2026, 6:27:19.144 AM",CHA,0.57,SapHana_LoadHistory_CL,
63c81adf-e45b-4623-80a1-b89026218a34,RestAPI,,,"4/18/2026, 6:28:04.841 AM",,,"4/18/2026, 6:27:29.218 AM","4/18/2026, 6:28:04.425 AM","4/18/2026, 6:27:29.218 AM",1,895.53,710.73,vchadcha01l10c,947340.15,313984.63,981654.93,260372.07,98980.38,0.11,CHA-HANA,4.0.260223.125026,HOST,"4/18/2026, 6:28:04.554 AM","4/18/2026, 6:27:29.218 AM","4/18/2026, 6:28:04.425 AM","4/18/2026, 6:27:29.218 AM",CHA,0.04,SapHana_LoadHistory_CL,
63c81adf-e45b-4623-80a1-b89026218a34,RestAPI,,,"4/18/2026, 6:28:04.841 AM",,,"4/18/2026, 6:27:39.294 AM","4/18/2026, 6:28:04.425 AM","4/18/2026, 6:27:39.294 AM",2,895.53,710.73,vchadcha01l10c,947340.15,313985.77,981654.93,260372.07,98984.36,0.37,CHA-HANA,4.0.260223.125026,HOST,"4/18/2026, 6:28:04.554 AM","4/18/2026, 6:27:39.294 AM","4/18/2026, 6:28:04.425 AM","4/18/2026, 6:27:39.294 AM",CHA,0.6,SapHana_LoadHistory_CL,
63c81adf-e45b-4623-80a1-b89026218a34,RestAPI,,,"4/18/2026, 6:28:04.841 AM",,,"4/18/2026, 6:27:49.366 AM","4/18/2026, 6:28:04.425 AM","4/18/2026, 6:27:49.366 AM",0,895.53,710.73,vchadcha01l10c,947340.15,313985.77,981654.93,260372.07,98984.19,0.1,CHA-HANA,4.0.260223.125026,HOST,"4/18/2026, 6:28:04.554 AM","4/18/2026, 6:27:49.366 AM","4/18/2026, 6:28:04.425 AM","4/18/2026, 6:27:49.366 AM",CHA,0.03,SapHana_LoadHistory_CL,
63c81adf-e45b-4623-80a1-b89026218a34,RestAPI,,,"4/18/2026, 6:28:04.841 AM",,,"4/18/2026, 6:27:59.432 AM","4/18/2026, 6:28:04.425 AM","4/18/2026, 6:27:59.432 AM",0,895.53,710.73,vchadcha01l10c,947340.15,313984.63,981654.93,260372.07,98982.85,0.31,CHA-HANA,4.0.260223.125026,HOST,"4/18/2026, 6:28:04.554 AM","4/18/2026, 6:27:59.432 AM","4/18/2026, 6:28:04.425 AM","4/18/2026, 6:27:59.432 AM",CHA,0.1,SapHana_LoadHistory_CL,
63c81adf-e45b-4623-80a1-b89026218a34,RestAPI,,,"4/18/2026, 6:30:05.315 AM",,,"4/18/2026, 6:29:09.952 AM","4/18/2026, 6:30:04.415 AM","4/18/2026, 6:29:09.952 AM",3,895.53,710.73,vchadcha01l10c,947340.15,313985.77,981654.93,260372.07,99011.04,-1,CHA-HANA,4.0.260223.125026,HOST,"4/18/2026, 6:30:04.588 AM","4/18/2026, 6:29:09.952 AM","4/18/2026, 6:30:04.415 AM","4/18/2026, 6:29:09.952 AM",CHA,,SapHana_LoadHistory_CL,
63c81adf-e45b-4623-80a1-b89026218a34,RestAPI,,,"4/18/2026, 6:30:05.315 AM",,,"4/18/2026, 6:29:20.025 AM","4/18/2026, 6:30:04.415 AM","4/18/2026, 6:29:20.025 AM",1,895.53,710.73,vchadcha01l10c,947340.15,313984.63,981654.93,260372.07,99009.33,2.47,CHA-HANA,4.0.260223.125026,HOST,"4/18/2026, 6:30:04.588 AM","4/18/2026, 6:29:20.025 AM","4/18/2026, 6:30:04.415 AM","4/18/2026, 6:29:20.025 AM",CHA,0.97,SapHana_LoadHistory_CL,
63c81adf-e45b-4623-80a1-b89026218a34,RestAPI,,,"4/18/2026, 6:30:05.315 AM",,,"4/18/2026, 6:29:30.100 AM","4/18/2026, 6:30:04.415 AM","4/18/2026, 6:29:30.100 AM",1,895.53,710.73,vchadcha01l10c,947340.15,313984.63,981654.93,260372.07,99006.53,0.09,CHA-HANA,4.0.260223.125026,HOST,"4/18/2026, 6:30:04.588 AM","4/18/2026, 6:29:30.100 AM","4/18/2026, 6:30:04.415 AM","4/18/2026, 6:29:30.100 AM",CHA,0.03,SapHana_LoadHistory_CL,
63c81adf-e45b-4623-80a1-b89026218a34,RestAPI,,,"4/18/2026, 6:30:05.315 AM",,,"4/18/2026, 6:29:40.173 AM","4/18/2026, 6:30:04.415 AM","4/18/2026, 6:29:40.173 AM",1,895.53,710.73,vchadcha01l10c,947340.15,313984.63,981654.93,260372.07,99007.11,0.11,CHA-HANA,4.0.260223.125026,HOST,"4/18/2026, 6:30:04.588 AM","4/18/2026, 6:29:40.173 AM","4/18/2026, 6:30:04.415 AM","4/18/2026, 6:29:40.173 AM",CHA,0.05,SapHana_LoadHistory_CL,
63c81adf-e45b-4623-80a1-b89026218a34,RestAPI,,,"4/18/2026, 6:30:05.315 AM",,,"4/18/2026, 6:29:50.248 AM","4/18/2026, 6:30:04.415 AM","4/18/2026, 6:29:50.248 AM",0,895.53,710.73,vchadcha01l10c,947340.15,313984.63,981654.93,260372.07,99007.11,0.11,CHA-HANA,4.0.260223.125026,HOST,"4/18/2026, 6:30:04.588 AM","4/18/2026, 6:29:50.248 AM","4/18/2026, 6:30:04.415 AM","4/18/2026, 6:29:50.248 AM",CHA,0.03,SapHana_LoadHistory_CL,
63c81adf-e45b-4623-80a1-b89026218a34,RestAPI,,,"4/18/2026, 6:30:05.315 AM",,,"4/18/2026, 6:30:00.318 AM","4/18/2026, 6:30:04.415 AM","4/18/2026, 6:30:00.318 AM",0,895.53,710.73,vchadcha01l10c,947340.15,313984.63,981654.93,260372.07,99007.06,0.08,CHA-HANA,4.0.260223.125026,HOST,"4/18/2026, 6:30:04.588 AM","4/18/2026, 6:30:00.318 AM","4/18/2026, 6:30:04.415 AM","4/18/2026, 6:30:00.318 AM",CHA,0.03,SapHana_LoadHistory_CL,
63c81adf-e45b-4623-80a1-b89026218a34,RestAPI,,,"4/18/2026, 6:31:04.974 AM",,,"4/18/2026, 6:30:10.395 AM","4/18/2026, 6:31:04.472 AM","4/18/2026, 6:30:10.395 AM",2,895.53,710.73,vchadcha01l10c,947340.15,313984.63,981654.93,260372.07,99008.06,-1,CHA-HANA,4.0.260223.125026,HOST,"4/18/2026, 6:31:04.593 AM","4/18/2026, 6:30:10.395 AM","4/18/2026, 6:31:04.472 AM","4/18/2026, 6:30:10.395 AM",CHA,,SapHana_LoadHistory_CL,
63c81adf-e45b-4623-80a1-b89026218a34,RestAPI,,,"4/18/2026, 6:31:04.974 AM",,,"4/18/2026, 6:30:20.469 AM","4/18/2026, 6:31:04.472 AM","4/18/2026, 6:30:20.469 AM",0,895.53,710.73,vchadcha01l10c,947340.15,313984.63,981654.93,260372.07,99008.29,2.19,CHA-HANA,4.0.260223.125026,HOST,"4/18/2026, 6:31:04.593 AM","4/18/2026, 6:30:20.469 AM","4/18/2026, 6:31:04.472 AM","4/18/2026, 6:30:20.469 AM",CHA,0.61,SapHana_LoadHistory_CL,
63c81adf-e45b-4623-80a1-b89026218a34,RestAPI,,,"4/18/2026, 6:31:04.974 AM",,,"4/18/2026, 6:30:30.542 AM","4/18/2026, 6:31:04.472 AM","4/18/2026, 6:30:30.542 AM",1,895.53,710.73,vchadcha01l10c,947340.15,313984.63,981654.93,260372.07,99008.2,0.09,CHA-HANA,4.0.260223.125026,HOST,"4/18/2026, 6:31:04.593 AM","4/18/2026, 6:30:30.542 AM","4/18/2026, 6:31:04.472 AM","4/18/2026, 6:30:30.542 AM",CHA,0.03,SapHana_LoadHistory_CL,
63c81adf-e45b-4623-80a1-b89026218a34,RestAPI,,,"4/18/2026, 6:31:04.974 AM",,,"4/18/2026, 6:30:40.615 AM","4/18/2026, 6:31:04.472 AM","4/18/2026, 6:30:40.615 AM",1,895.53,710.73,vchadcha01l10c,947340.15,313984.89,981654.93,260372.07,99008.5,0.08,CHA-HANA,4.0.260223.125026,HOST,"4/18/2026, 6:31:04.593 AM","4/18/2026, 6:30:40.615 AM","4/18/2026, 6:31:04.472 AM","4/18/2026, 6:30:40.615 AM",CHA,0.04,SapHana_LoadHistory_CL,
63c81adf-e45b-4623-80a1-b89026218a34,RestAPI,,,"4/18/2026, 6:31:04.974 AM",,,"4/18/2026, 6:30:50.686 AM","4/18/2026, 6:31:04.472 AM","4/18/2026, 6:30:50.686 AM",0,895.53,710.73,vchadcha01l10c,947340.15,313984.89,981654.93,260372.07,99008.48,0.09,CHA-HANA,4.0.260223.125026,HOST,"4/18/2026, 6:31:04.593 AM","4/18/2026, 6:30:50.686 AM","4/18/2026, 6:31:04.472 AM","4/18/2026, 6:30:50.686 AM",CHA,0.03,SapHana_LoadHistory_CL,
63c81adf-e45b-4623-80a1-b89026218a34,RestAPI,,,"4/18/2026, 6:31:04.974 AM",,,"4/18/2026, 6:31:00.761 AM","4/18/2026, 6:31:04.472 AM","4/18/2026, 6:31:00.761 AM",0,895.53,710.73,vchadcha01l10c,947340.15,313984.89,981654.93,260372.07,99008.45,0.14,CHA-HANA,4.0.260223.125026,HOST,"4/18/2026, 6:31:04.593 AM","4/18/2026, 6:31:00.761 AM","4/18/2026, 6:31:04.472 AM","4/18/2026, 6:31:00.761 AM",CHA,0.03,SapHana_LoadHistory_CL,
63c81adf-e45b-4623-80a1-b89026218a34,RestAPI,,,"4/18/2026, 6:32:05.099 AM",,,"4/18/2026, 6:31:10.828 AM","4/18/2026, 6:32:04.729 AM","4/18/2026, 6:31:10.828 AM",2,895.53,710.73,vchadcha01l10c,947340.15,313984.89,981654.93,260372.07,99018.18,-1,CHA-HANA,4.0.260223.125026,HOST,"4/18/2026, 6:32:04.851 AM","4/18/2026, 6:31:10.828 AM","4/18/2026, 6:32:04.729 AM","4/18/2026, 6:31:10.828 AM",CHA,,SapHana_LoadHistory_CL,
63c81adf-e45b-4623-80a1-b89026218a34,RestAPI,,,"4/18/2026, 6:32:05.099 AM",,,"4/18/2026, 6:31:20.905 AM","4/18/2026, 6:32:04.729 AM","4/18/2026, 6:31:20.905 AM",1,895.53,710.73,vchadcha01l10c,947340.15,313984.89,981654.93,260372.07,99018.31,5,CHA-HANA,4.0.260223.125026,HOST,"4/18/2026, 6:32:04.852 AM","4/18/2026, 6:31:20.905 AM","4/18/2026, 6:32:04.729 AM","4/18/2026, 6:31:20.905 AM",CHA,1.97,SapHana_LoadHistory_CL,
63c81adf-e45b-4623-80a1-b89026218a34,RestAPI,,,"4/18/2026, 6:32:05.099 AM",,,"4/18/2026, 6:31:30.979 AM","4/18/2026, 6:32:04.729 AM","4/18/2026, 6:31:30.979 AM",1,895.53,710.73,vchadcha01l10c,947340.15,313984.89,981654.93,260372.07,99016.14,0.09,CHA-HANA,4.0.260223.125026,HOST,"4/18/2026, 6:32:04.852 AM","4/18/2026, 6:31:30.979 AM","4/18/2026, 6:32:04.729 AM","4/18/2026, 6:31:30.979 AM",CHA,0.03,SapHana_LoadHistory_CL,
63c81adf-e45b-4623-80a1-b89026218a34,RestAPI,,,"4/18/2026, 6:32:05.099 AM",,,"4/18/2026, 6:31:41.052 AM","4/18/2026, 6:32:04.729 AM","4/18/2026, 6:31:41.052 AM",1,895.53,710.73,vchadcha01l10c,947340.15,313984.89,981654.93,260372.07,99018.2,0.09,CHA-HANA,4.0.260223.125026,HOST,"4/18/2026, 6:32:04.852 AM","4/18/2026, 6:31:41.052 AM","4/18/2026, 6:32:04.729 AM","4/18/2026, 6:31:41.052 AM",CHA,0.04,SapHana_LoadHistory_CL,
63c81adf-e45b-4623-80a1-b89026218a34,RestAPI,,,"4/18/2026, 6:32:05.099 AM",,,"4/18/2026, 6:31:51.127 AM","4/18/2026, 6:32:04.729 AM","4/18/2026, 6:31:51.127 AM",0,895.53,710.73,vchadcha01l10c,947340.15,313984.89,981654.93,260372.07,99017.15,0.1,CHA-HANA,4.0.260223.125026,HOST,"4/18/2026, 6:32:04.852 AM","4/18/2026, 6:31:51.127 AM","4/18/2026, 6:32:04.729 AM","4/18/2026, 6:31:51.127 AM",CHA,0.03,SapHana_LoadHistory_CL,
63c81adf-e45b-4623-80a1-b89026218a34,RestAPI,,,"4/18/2026, 6:32:05.099 AM",,,"4/18/2026, 6:32:01.202 AM","4/18/2026, 6:32:04.729 AM","4/18/2026, 6:32:01.202 AM",0,895.53,710.73,vchadcha01l10c,947340.15,313984.89,981654.93,260372.07,99017.17,0.09,CHA-HANA,4.0.260223.125026,HOST,"4/18/2026, 6:32:04.852 AM","4/18/2026, 6:32:01.202 AM","4/18/2026, 6:32:04.729 AM","4/18/2026, 6:32:01.202 AM",CHA,0.03,SapHana_LoadHistory_CL,
63c81adf-e45b-4623-80a1-b89026218a34,RestAPI,,,"4/18/2026, 6:03:04.100 AM",,,"4/18/2026, 6:02:08.319 AM","4/18/2026, 6:03:03.628 AM","4/18/2026, 6:02:08.319 AM",1,895.53,710.73,vchadcha01l10c,947340.15,313983.5,981654.93,260372.07,99079.21,-1,CHA-HANA,4.0.260223.125026,HOST,"4/18/2026, 6:03:03.755 AM","4/18/2026, 6:02:08.319 AM","4/18/2026, 6:03:03.628 AM","4/18/2026, 6:02:08.319 AM",CHA,,SapHana_LoadHistory_CL,
63c81adf-e45b-4623-80a1-b89026218a34,RestAPI,,,"4/18/2026, 6:03:04.100 AM",,,"4/18/2026, 6:02:18.387 AM","4/18/2026, 6:03:03.628 AM","4/18/2026, 6:02:18.387 AM",1,895.53,710.73,vchadcha01l10c,947340.15,313983.5,981654.93,260372.07,99078.93,1.3,CHA-HANA,4.0.260223.125026,HOST,"4/18/2026, 6:03:03.755 AM","4/18/2026, 6:02:18.387 AM","4/18/2026, 6:03:03.628 AM","4/18/2026, 6:02:18.387 AM",CHA,0.52,SapHana_LoadHistory_CL,
63c81adf-e45b-4623-80a1-b89026218a34,RestAPI,,,"4/18/2026, 6:03:04.100 AM",,,"4/18/2026, 6:02:28.456 AM","4/18/2026, 6:03:03.628 AM","4/18/2026, 6:02:28.456 AM",0,895.53,710.73,vchadcha01l10c,947340.15,313983.5,981654.93,260372.07,99078.92,0.07,CHA-HANA,4.0.260223.125026,HOST,"4/18/2026, 6:03:03.755 AM","4/18/2026, 6:02:28.456 AM","4/18/2026, 6:03:03.628 AM","4/18/2026, 6:02:28.456 AM",CHA,0.03,SapHana_LoadHistory_CL,
63c81adf-e45b-4623-80a1-b89026218a34,RestAPI,,,"4/18/2026, 6:03:04.100 AM",,,"4/18/2026, 6:02:38.527 AM","4/18/2026, 6:03:03.628 AM","4/18/2026, 6:02:38.527 AM",1,895.53,710.73,vchadcha01l10c,947340.15,313983.5,981654.93,260372.07,99079.72,0.14,CHA-HANA,4.0.260223.125026,HOST,"4/18/2026, 6:03:03.755 AM","4/18/2026, 6:02:38.527 AM","4/18/2026, 6:03:03.628 AM","4/18/2026, 6:02:38.527 AM",CHA,0.52,SapHana_LoadHistory_CL,
63c81adf-e45b-4623-80a1-b89026218a34,RestAPI,,,"4/18/2026, 6:03:04.100 AM",,,"4/18/2026, 6:02:48.601 AM","4/18/2026, 6:03:03.628 AM","4/18/2026, 6:02:48.601 AM",1,895.53,710.73,vchadcha01l10c,947340.15,313983.5,981654.93,260372.07,99077.92,0.09,CHA-HANA,4.0.260223.125026,HOST,"4/18/2026, 6:03:03.755 AM","4/18/2026, 6:02:48.601 AM","4/18/2026, 6:03:03.628 AM","4/18/2026, 6:02:48.601 AM",CHA,0.03,SapHana_LoadHistory_CL,
63c81adf-e45b-4623-80a1-b89026218a34,RestAPI,,,"4/18/2026, 6:03:04.100 AM",,,"4/18/2026, 6:02:58.673 AM","4/18/2026, 6:03:03.628 AM","4/18/2026, 6:02:58.673 AM",1,895.53,710.73,vchadcha01l10c,947340.15,313983.5,981654.93,260372.07,99077.86,0.07,CHA-HANA,4.0.260223.125026,HOST,"4/18/2026, 6:03:03.755 AM","4/18/2026, 6:02:58.673 AM","4/18/2026, 6:03:03.628 AM","4/18/2026, 6:02:58.673 AM",CHA,0.03,SapHana_LoadHistory_CL,
63c81adf-e45b-4623-80a1-b89026218a34,RestAPI,,,"4/18/2026, 6:11:04.518 AM",,,"4/18/2026, 6:10:11.759 AM","4/18/2026, 6:11:04.058 AM","4/18/2026, 6:10:11.759 AM",1,895.53,710.73,vchadcha01l10c,947340.15,313983.5,981654.93,260372.07,99068.09,-1,CHA-HANA,4.0.260223.125026,HOST,"4/18/2026, 6:11:04.209 AM","4/18/2026, 6:10:11.759 AM","4/18/2026, 6:11:04.058 AM","4/18/2026, 6:10:11.759 AM",CHA,,SapHana_LoadHistory_CL,
63c81adf-e45b-4623-80a1-b89026218a34,RestAPI,,,"4/18/2026, 6:11:04.518 AM",,,"4/18/2026, 6:10:21.836 AM","4/18/2026, 6:11:04.058 AM","4/18/2026, 6:10:21.836 AM",1,895.53,710.73,vchadcha01l10c,947340.15,313983.5,981654.93,260372.07,99069.45,2.36,CHA-HANA,4.0.260223.125026,HOST,"4/18/2026, 6:11:04.209 AM","4/18/2026, 6:10:21.836 AM","4/18/2026, 6:11:04.058 AM","4/18/2026, 6:10:21.836 AM",CHA,0.85,SapHana_LoadHistory_CL,
63c81adf-e45b-4623-80a1-b89026218a34,RestAPI,,,"4/18/2026, 6:11:04.518 AM",,,"4/18/2026, 6:10:31.910 AM","4/18/2026, 6:11:04.058 AM","4/18/2026, 6:10:31.910 AM",0,895.53,710.73,vchadcha01l10c,947340.15,313983.5,981654.93,260372.07,99069.73,0.14,CHA-HANA,4.0.260223.125026,HOST,"4/18/2026, 6:11:04.209 AM","4/18/2026, 6:10:31.910 AM","4/18/2026, 6:11:04.058 AM","4/18/2026, 6:10:31.910 AM",CHA,0.1,SapHana_LoadHistory_CL,
63c81adf-e45b-4623-80a1-b89026218a34,RestAPI,,,"4/18/2026, 6:11:04.518 AM",,,"4/18/2026, 6:10:41.988 AM","4/18/2026, 6:11:04.058 AM","4/18/2026, 6:10:41.988 AM",1,895.53,710.73,vchadcha01l10c,947340.15,313983.5,981654.93,260372.07,99070.37,0.1,CHA-HANA,4.0.260223.125026,HOST,"4/18/2026, 6:11:04.209 AM","4/18/2026, 6:10:41.988 AM","4/18/2026, 6:11:04.058 AM","4/18/2026, 6:10:41.988 AM",CHA,0.04,SapHana_LoadHistory_CL,
63c81adf-e45b-4623-80a1-b89026218a34,RestAPI,,,"4/18/2026, 6:11:04.518 AM",,,"4/18/2026, 6:10:52.063 AM","4/18/2026, 6:11:04.058 AM","4/18/2026, 6:10:52.063 AM",0,895.53,710.73,vchadcha01l10c,947340.15,313983.5,981654.93,260372.07,99070.33,0.09,CHA-HANA,4.0.260223.125026,HOST,"4/18/2026, 6:11:04.209 AM","4/18/2026, 6:10:52.063 AM","4/18/2026, 6:11:04.058 AM","4/18/2026, 6:10:52.063 AM",CHA,0.03,SapHana_LoadHistory_CL,
63c81adf-e45b-4623-80a1-b89026218a34,RestAPI,,,"4/18/2026, 6:11:04.518 AM",,,"4/18/2026, 6:11:02.136 AM","4/18/2026, 6:11:04.058 AM","4/18/2026, 6:11:02.136 AM",1,895.53,710.73,vchadcha01l10c,947340.15,313983.5,981654.93,260372.07,99069.88,0.26,CHA-HANA,4.0.260223.125026,HOST,"4/18/2026, 6:11:04.209 AM","4/18/2026, 6:11:02.136 AM","4/18/2026, 6:11:04.058 AM","4/18/2026, 6:11:02.136 AM",CHA,0.09,SapHana_LoadHistory_CL,
63c81adf-e45b-4623-80a1-b89026218a34,RestAPI,,,"4/18/2026, 6:23:04.119 AM",,,"4/18/2026, 6:22:06.861 AM","4/18/2026, 6:23:03.418 AM","4/18/2026, 6:22:06.861 AM",2,895.53,710.73,vchadcha01l10c,947340.15,313984.66,981654.93,260372.07,99120.54,-1,CHA-HANA,4.0.260223.125026,HOST,"4/18/2026, 6:23:03.593 AM","4/18/2026, 6:22:06.861 AM","4/18/2026, 6:23:03.418 AM","4/18/2026, 6:22:06.861 AM",CHA,,SapHana_LoadHistory_CL,
63c81adf-e45b-4623-80a1-b89026218a34,RestAPI,,,"4/18/2026, 6:23:04.119 AM",,,"4/18/2026, 6:22:16.937 AM","4/18/2026, 6:23:03.418 AM","4/18/2026, 6:22:16.937 AM",1,895.53,710.73,vchadcha01l10c,947340.15,313985.69,981654.93,260372.07,99082.55,1.41,CHA-HANA,4.0.260223.125026,HOST,"4/18/2026, 6:23:03.594 AM","4/18/2026, 6:22:16.937 AM","4/18/2026, 6:23:03.418 AM","4/18/2026, 6:22:16.937 AM",CHA,0.96,SapHana_LoadHistory_CL,
63c81adf-e45b-4623-80a1-b89026218a34,RestAPI,,,"4/18/2026, 6:23:04.119 AM",,,"4/18/2026, 6:22:27.013 AM","4/18/2026, 6:23:03.418 AM","4/18/2026, 6:22:27.013 AM",1,895.53,710.73,vchadcha01l10c,947340.15,313984.63,981654.93,260372.07,99057.98,8.71,CHA-HANA,4.0.260223.125026,HOST,"4/18/2026, 6:23:03.594 AM","4/18/2026, 6:22:27.013 AM","4/18/2026, 6:23:03.418 AM","4/18/2026, 6:22:27.013 AM",CHA,0.75,SapHana_LoadHistory_CL,
63c81adf-e45b-4623-80a1-b89026218a34,RestAPI,,,"4/18/2026, 6:23:04.119 AM",,,"4/18/2026, 6:22:37.084 AM","4/18/2026, 6:23:03.418 AM","4/18/2026, 6:22:37.084 AM",2,895.53,710.73,vchadcha01l10c,947340.15,313985.77,981654.93,260372.07,99062.93,0.15,CHA-HANA,4.0.260223.125026,HOST,"4/18/2026, 6:23:03.594 AM","4/18/2026, 6:22:37.084 AM","4/18/2026, 6:23:03.418 AM","4/18/2026, 6:22:37.084 AM",CHA,0.52,SapHana_LoadHistory_CL,
63c81adf-e45b-4623-80a1-b89026218a34,RestAPI,,,"4/18/2026, 6:23:04.119 AM",,,"4/18/2026, 6:22:47.163 AM","4/18/2026, 6:23:03.418 AM","4/18/2026, 6:22:47.163 AM",0,895.53,710.73,vchadcha01l10c,947340.15,313985.77,981654.93,260372.07,99062.36,0.09,CHA-HANA,4.0.260223.125026,HOST,"4/18/2026, 6:23:03.594 AM","4/18/2026, 6:22:47.163 AM","4/18/2026, 6:23:03.418 AM","4/18/2026, 6:22:47.163 AM",CHA,0.03,SapHana_LoadHistory_CL,
63c81adf-e45b-4623-80a1-b89026218a34,RestAPI,,,"4/18/2026, 6:23:04.119 AM",,,"4/18/2026, 6:22:57.237 AM","4/18/2026, 6:23:03.418 AM","4/18/2026, 6:22:57.237 AM",1,895.53,710.73,vchadcha01l10c,947340.15,313985.77,981654.93,260372.07,99062.29,0.2,CHA-HANA,4.0.260223.125026,HOST,"4/18/2026, 6:23:03.594 AM","4/18/2026, 6:22:57.237 AM","4/18/2026, 6:23:03.418 AM","4/18/2026, 6:22:57.237 AM",CHA,0.08,SapHana_LoadHistory_CL,
63c81adf-e45b-4623-80a1-b89026218a34,RestAPI,,,"4/18/2026, 6:26:04.798 AM",,,"4/18/2026, 6:25:08.180 AM","4/18/2026, 6:26:04.310 AM","4/18/2026, 6:25:08.180 AM",3,895.53,710.73,vchadcha01l10c,947340.15,313985.77,981654.93,260372.07,98999.23,-1,CHA-HANA,4.0.260223.125026,HOST,"4/18/2026, 6:26:04.445 AM","4/18/2026, 6:25:08.180 AM","4/18/2026, 6:26:04.310 AM","4/18/2026, 6:25:08.180 AM",CHA,,SapHana_LoadHistory_CL,
63c81adf-e45b-4623-80a1-b89026218a34,RestAPI,,,"4/18/2026, 6:26:04.798 AM",,,"4/18/2026, 6:25:18.258 AM","4/18/2026, 6:26:04.310 AM","4/18/2026, 6:25:18.258 AM",1,895.53,710.73,vchadcha01l10c,947340.15,313984.63,981654.93,260372.07,98973.6,2.7,CHA-HANA,4.0.260223.125026,HOST,"4/18/2026, 6:26:04.445 AM","4/18/2026, 6:25:18.258 AM","4/18/2026, 6:26:04.310 AM","4/18/2026, 6:25:18.258 AM",CHA,0.85,SapHana_LoadHistory_CL,
63c81adf-e45b-4623-80a1-b89026218a34,RestAPI,,,"4/18/2026, 6:26:04.798 AM",,,"4/18/2026, 6:25:28.336 AM","4/18/2026, 6:26:04.310 AM","4/18/2026, 6:25:28.336 AM",0,895.53,710.73,vchadcha01l10c,947340.15,313984.63,981654.93,260372.07,98973.35,0.12,CHA-HANA,4.0.260223.125026,HOST,"4/18/2026, 6:26:04.445 AM","4/18/2026, 6:25:28.336 AM","4/18/2026, 6:26:04.310 AM","4/18/2026, 6:25:28.336 AM",CHA,0.04,SapHana_LoadHistory_CL,
63c81adf-e45b-4623-80a1-b89026218a34,RestAPI,,,"4/18/2026, 6:26:04.798 AM",,,"4/18/2026, 6:25:38.410 AM","4/18/2026, 6:26:04.310 AM","4/18/2026, 6:25:38.410 AM",1,895.53,710.73,vchadcha01l10c,947340.15,313984.63,981654.93,260372.07,98974.35,0.09,CHA-HANA,4.0.260223.125026,HOST,"4/18/2026, 6:26:04.445 AM","4/18/2026, 6:25:38.410 AM","4/18/2026, 6:26:04.310 AM","4/18/2026, 6:25:38.410 AM",CHA,0.04,SapHana_LoadHistory_CL,
63c81adf-e45b-4623-80a1-b89026218a34,RestAPI,,,"4/18/2026, 6:26:04.798 AM",,,"4/18/2026, 6:25:48.486 AM","4/18/2026, 6:26:04.310 AM","4/18/2026, 6:25:48.486 AM",0,895.53,710.73,vchadcha01l10c,947340.15,313985.77,981654.93,260372.07,98975.52,0.32,CHA-HANA,4.0.260223.125026,HOST,"4/18/2026, 6:26:04.445 AM","4/18/2026, 6:25:48.486 AM","4/18/2026, 6:26:04.310 AM","4/18/2026, 6:25:48.486 AM",CHA,0.1,SapHana_LoadHistory_CL,
63c81adf-e45b-4623-80a1-b89026218a34,RestAPI,,,"4/18/2026, 6:26:04.798 AM",,,"4/18/2026, 6:25:58.560 AM","4/18/2026, 6:26:04.310 AM","4/18/2026, 6:25:58.560 AM",1,895.53,710.73,vchadcha01l10c,947340.15,313984.63,981654.93,260372.07,98974.14,0.2,CHA-HANA,4.0.260223.125026,HOST,"4/18/2026, 6:26:04.445 AM","4/18/2026, 6:25:58.560 AM","4/18/2026, 6:26:04.310 AM","4/18/2026, 6:25:58.560 AM",CHA,0.03,SapHana_LoadHistory_CL,
63c81adf-e45b-4623-80a1-b89026218a34,RestAPI,,,"4/18/2026, 6:29:05.172 AM",,,"4/18/2026, 6:28:09.510 AM","4/18/2026, 6:29:04.749 AM","4/18/2026, 6:28:09.510 AM",10,895.53,710.73,vchadcha01l10c,947340.15,314005.02,981654.93,260372.07,99401.48,-1,CHA-HANA,4.0.260223.125026,HOST,"4/18/2026, 6:29:04.875 AM","4/18/2026, 6:28:09.510 AM","4/18/2026, 6:29:04.749 AM","4/18/2026, 6:28:09.510 AM",CHA,,SapHana_LoadHistory_CL,
63c81adf-e45b-4623-80a1-b89026218a34,RestAPI,,,"4/18/2026, 6:29:05.172 AM",,,"4/18/2026, 6:28:19.583 AM","4/18/2026, 6:29:04.749 AM","4/18/2026, 6:28:19.583 AM",3,895.53,710.73,vchadcha01l10c,947340.15,313985.77,981654.93,260372.07,99006.82,23.74,CHA-HANA,4.0.260223.125026,HOST,"4/18/2026, 6:29:04.875 AM","4/18/2026, 6:28:19.583 AM","4/18/2026, 6:29:04.749 AM","4/18/2026, 6:28:19.583 AM",CHA,9.24,SapHana_LoadHistory_CL,
63c81adf-e45b-4623-80a1-b89026218a34,RestAPI,,,"4/18/2026, 6:29:05.172 AM",,,"4/18/2026, 6:28:29.655 AM","4/18/2026, 6:29:04.749 AM","4/18/2026, 6:28:29.655 AM",1,895.53,710.73,vchadcha01l10c,947340.15,313984.63,981654.93,260372.07,99003.77,0.09,CHA-HANA,4.0.260223.125026,HOST,"4/18/2026, 6:29:04.875 AM","4/18/2026, 6:28:29.655 AM","4/18/2026, 6:29:04.749 AM","4/18/2026, 6:28:29.655 AM",CHA,0.03,SapHana_LoadHistory_CL,
63c81adf-e45b-4623-80a1-b89026218a34,RestAPI,,,"4/18/2026, 6:29:05.172 AM",,,"4/18/2026, 6:28:39.728 AM","4/18/2026, 6:29:04.749 AM","4/18/2026, 6:28:39.728 AM",2,895.53,710.73,vchadcha01l10c,947340.15,313985.77,981654.93,260372.07,99007.23,0.09,CHA-HANA,4.0.260223.125026,HOST,"4/18/2026, 6:29:04.875 AM","4/18/2026, 6:28:39.728 AM","4/18/2026, 6:29:04.749 AM","4/18/2026, 6:28:39.728 AM",CHA,0.04,SapHana_LoadHistory_CL,
63c81adf-e45b-4623-80a1-b89026218a34,RestAPI,,,"4/18/2026, 6:29:05.172 AM",,,"4/18/2026, 6:28:49.802 AM","4/18/2026, 6:29:04.749 AM","4/18/2026, 6:28:49.802 AM",0,895.53,710.73,vchadcha01l10c,947340.15,313985.77,981654.93,260372.07,99006.17,0.1,CHA-HANA,4.0.260223.125026,HOST,"4/18/2026, 6:29:04.875 AM","4/18/2026, 6:28:49.802 AM","4/18/2026, 6:29:04.749 AM","4/18/2026, 6:28:49.802 AM",CHA,0.03,SapHana_LoadHistory_CL,
63c81adf-e45b-4623-80a1-b89026218a34,RestAPI,,,"4/18/2026, 6:29:05.172 AM",,,"4/18/2026, 6:28:59.880 AM","4/18/2026, 6:29:04.749 AM","4/18/2026, 6:28:59.880 AM",0,895.53,710.73,vchadcha01l10c,947340.15,313985.77,981654.93,260372.07,99006.06,0.09,CHA-HANA,4.0.260223.125026,HOST,"4/18/2026, 6:29:04.875 AM","4/18/2026, 6:28:59.880 AM","4/18/2026, 6:29:04.749 AM","4/18/2026, 6:28:59.880 AM",CHA,0.03,SapHana_LoadHistory_CL,
63c81adf-e45b-4623-80a1-b89026218a34,RestAPI,,,"4/18/2026, 6:05:05.269 AM",,,"4/18/2026, 6:04:09.174 AM","4/18/2026, 6:05:04.288 AM","4/18/2026, 6:04:09.174 AM",2,895.53,710.73,vchadcha01l10c,947340.15,313983.5,981654.93,260372.07,99252.69,-1,CHA-HANA,4.0.260223.125026,HOST,"4/18/2026, 6:05:04.455 AM","4/18/2026, 6:04:09.174 AM","4/18/2026, 6:05:04.288 AM","4/18/2026, 6:04:09.174 AM",CHA,,SapHana_LoadHistory_CL,
63c81adf-e45b-4623-80a1-b89026218a34,RestAPI,,,"4/18/2026, 6:05:05.269 AM",,,"4/18/2026, 6:04:19.248 AM","4/18/2026, 6:05:04.288 AM","4/18/2026, 6:04:19.248 AM",2,895.53,710.73,vchadcha01l10c,947340.15,313983.5,981654.93,260372.07,99084.37,1.63,CHA-HANA,4.0.260223.125026,HOST,"4/18/2026, 6:05:04.455 AM","4/18/2026, 6:04:19.248 AM","4/18/2026, 6:05:04.288 AM","4/18/2026, 6:04:19.248 AM",CHA,45.73,SapHana_LoadHistory_CL,
63c81adf-e45b-4623-80a1-b89026218a34,RestAPI,,,"4/18/2026, 6:05:05.269 AM",,,"4/18/2026, 6:04:29.324 AM","4/18/2026, 6:05:04.288 AM","4/18/2026, 6:04:29.324 AM",0,895.53,710.73,vchadcha01l10c,947340.15,313983.5,981654.93,260372.07,99084.38,0.07,CHA-HANA,4.0.260223.125026,HOST,"4/18/2026, 6:05:04.455 AM","4/18/2026, 6:04:29.324 AM","4/18/2026, 6:05:04.288 AM","4/18/2026, 6:04:29.324 AM",CHA,0.03,SapHana_LoadHistory_CL,
63c81adf-e45b-4623-80a1-b89026218a34,RestAPI,,,"4/18/2026, 6:05:05.269 AM",,,"4/18/2026, 6:04:39.395 AM","4/18/2026, 6:05:04.288 AM","4/18/2026, 6:04:39.395 AM",1,895.53,710.73,vchadcha01l10c,947340.15,313983.5,981654.93,260372.07,99085.19,0.13,CHA-HANA,4.0.260223.125026,HOST,"4/18/2026, 6:05:04.455 AM","4/18/2026, 6:04:39.395 AM","4/18/2026, 6:05:04.288 AM","4/18/2026, 6:04:39.395 AM",CHA,0.06,SapHana_LoadHistory_CL,
63c81adf-e45b-4623-80a1-b89026218a34,RestAPI,,,"4/18/2026, 6:05:05.269 AM",,,"4/18/2026, 6:04:49.465 AM","4/18/2026, 6:05:04.288 AM","4/18/2026, 6:04:49.465 AM",1,895.53,710.73,vchadcha01l10c,947340.15,313983.5,981654.93,260372.07,99085.15,0.11,CHA-HANA,4.0.260223.125026,HOST,"4/18/2026, 6:05:04.456 AM","4/18/2026, 6:04:49.465 AM","4/18/2026, 6:05:04.288 AM","4/18/2026, 6:04:49.465 AM",CHA,0.03,SapHana_LoadHistory_CL,
63c81adf-e45b-4623-80a1-b89026218a34,RestAPI,,,"4/18/2026, 6:05:05.269 AM",,,"4/18/2026, 6:04:59.537 AM","4/18/2026, 6:05:04.288 AM","4/18/2026, 6:04:59.537 AM",0,895.53,710.73,vchadcha01l10c,947340.15,313983.5,981654.93,260372.07,99085.17,0.78,CHA-HANA,4.0.260223.125026,HOST,"4/18/2026, 6:05:04.456 AM","4/18/2026, 6:04:59.537 AM","4/18/2026, 6:05:04.288 AM","4/18/2026, 6:04:59.537 AM",CHA,0.24,SapHana_LoadHistory_CL,
63c81adf-e45b-4623-80a1-b89026218a34,RestAPI,,,"4/18/2026, 6:06:04.232 AM",,,"4/18/2026, 6:05:09.608 AM","4/18/2026, 6:06:03.480 AM","4/18/2026, 6:05:09.608 AM",3,895.53,710.73,vchadcha01l10c,947340.15,313983.5,981654.93,260372.07,99088.91,-1,CHA-HANA,4.0.260223.125026,HOST,"4/18/2026, 6:06:03.606 AM","4/18/2026, 6:05:09.608 AM","4/18/2026, 6:06:03.480 AM","4/18/2026, 6:05:09.608 AM",CHA,,SapHana_LoadHistory_CL,
63c81adf-e45b-4623-80a1-b89026218a34,RestAPI,,,"4/18/2026, 6:06:04.232 AM",,,"4/18/2026, 6:05:19.678 AM","4/18/2026, 6:06:03.480 AM","4/18/2026, 6:05:19.678 AM",1,895.53,710.73,vchadcha01l10c,947340.15,313983.5,981654.93,260372.07,99088.8,2.5,CHA-HANA,4.0.260223.125026,HOST,"4/18/2026, 6:06:03.614 AM","4/18/2026, 6:05:19.678 AM","4/18/2026, 6:06:03.480 AM","4/18/2026, 6:05:19.678 AM",CHA,0.76,SapHana_LoadHistory_CL,
63c81adf-e45b-4623-80a1-b89026218a34,RestAPI,,,"4/18/2026, 6:06:04.232 AM",,,"4/18/2026, 6:05:29.750 AM","4/18/2026, 6:06:03.480 AM","4/18/2026, 6:05:29.750 AM",0,895.53,710.73,vchadcha01l10c,947340.15,313983.5,981654.93,260372.07,99088.9,2.29,CHA-HANA,4.0.260223.125026,HOST,"4/18/2026, 6:06:03.614 AM","4/18/2026, 6:05:29.750 AM","4/18/2026, 6:06:03.480 AM","4/18/2026, 6:05:29.750 AM",CHA,0.51,SapHana_LoadHistory_CL,
63c81adf-e45b-4623-80a1-b89026218a34,RestAPI,,,"4/18/2026, 6:06:04.232 AM",,,"4/18/2026, 6:05:39.821 AM","4/18/2026, 6:06:03.480 AM","4/18/2026, 6:05:39.821 AM",1,895.53,710.73,vchadcha01l10c,947340.15,313983.5,981654.93,260372.07,99089.55,0.11,CHA-HANA,4.0.260223.125026,HOST,"4/18/2026, 6:06:03.614 AM","4/18/2026, 6:05:39.821 AM","4/18/2026, 6:06:03.480 AM","4/18/2026, 6:05:39.821 AM",CHA,0.04,SapHana_LoadHistory_CL,
63c81adf-e45b-4623-80a1-b89026218a34,RestAPI,,,"4/18/2026, 6:06:04.232 AM",,,"4/18/2026, 6:05:49.891 AM","4/18/2026, 6:06:03.480 AM","4/18/2026, 6:05:49.891 AM",1,895.53,710.73,vchadcha01l10c,947340.15,313983.5,981654.93,260372.07,99089.44,0.09,CHA-HANA,4.0.260223.125026,HOST,"4/18/2026, 6:06:03.614 AM","4/18/2026, 6:05:49.891 AM","4/18/2026, 6:06:03.480 AM","4/18/2026, 6:05:49.891 AM",CHA,0.03,SapHana_LoadHistory_CL,
63c81adf-e45b-4623-80a1-b89026218a34,RestAPI,,,"4/18/2026, 6:06:04.232 AM",,,"4/18/2026, 6:05:59.962 AM","4/18/2026, 6:06:03.480 AM","4/18/2026, 6:05:59.962 AM",0,895.53,710.73,vchadcha01l10c,947340.15,313983.5,981654.93,260372.07,99089.72,0.15,CHA-HANA,4.0.260223.125026,HOST,"4/18/2026, 6:06:03.614 AM","4/18/2026, 6:05:59.962 AM","4/18/2026, 6:06:03.480 AM","4/18/2026, 6:05:59.962 AM",CHA,0.05,SapHana_LoadHistory_CL,
63c81adf-e45b-4623-80a1-b89026218a34,RestAPI,,,"4/18/2026, 6:07:03.833 AM",,,"4/18/2026, 6:06:10.035 AM","4/18/2026, 6:07:02.735 AM","4/18/2026, 6:06:10.035 AM",2,895.53,710.73,vchadcha01l10c,947340.15,313984.63,981654.93,260372.07,99091.9,-1,CHA-HANA,4.0.260223.125026,HOST,"4/18/2026, 6:07:02.868 AM","4/18/2026, 6:06:10.035 AM","4/18/2026, 6:07:02.735 AM","4/18/2026, 6:06:10.035 AM",CHA,,SapHana_LoadHistory_CL,
63c81adf-e45b-4623-80a1-b89026218a34,RestAPI,,,"4/18/2026, 6:07:03.833 AM",,,"4/18/2026, 6:06:20.106 AM","4/18/2026, 6:07:02.735 AM","4/18/2026, 6:06:20.106 AM",1,895.53,710.73,vchadcha01l10c,947340.15,313983.5,981654.93,260372.07,99091.54,5,CHA-HANA,4.0.260223.125026,HOST,"4/18/2026, 6:07:02.868 AM","4/18/2026, 6:06:20.106 AM","4/18/2026, 6:07:02.735 AM","4/18/2026, 6:06:20.106 AM",CHA,2.01,SapHana_LoadHistory_CL,
63c81adf-e45b-4623-80a1-b89026218a34,RestAPI,,,"4/18/2026, 6:07:03.833 AM",,,"4/18/2026, 6:06:30.181 AM","4/18/2026, 6:07:02.735 AM","4/18/2026, 6:06:30.181 AM",0,895.53,710.73,vchadcha01l10c,947340.15,313983.5,981654.93,260372.07,99091.43,0.07,CHA-HANA,4.0.260223.125026,HOST,"4/18/2026, 6:07:02.869 AM","4/18/2026, 6:06:30.181 AM","4/18/2026, 6:07:02.735 AM","4/18/2026, 6:06:30.181 AM",CHA,0.03,SapHana_LoadHistory_CL,
63c81adf-e45b-4623-80a1-b89026218a34,RestAPI,,,"4/18/2026, 6:07:03.833 AM",,,"4/18/2026, 6:06:40.253 AM","4/18/2026, 6:07:02.735 AM","4/18/2026, 6:06:40.253 AM",1,895.53,710.73,vchadcha01l10c,947340.15,313983.5,981654.93,260372.07,99091.77,0.1,CHA-HANA,4.0.260223.125026,HOST,"4/18/2026, 6:07:02.869 AM","4/18/2026, 6:06:40.253 AM","4/18/2026, 6:07:02.735 AM","4/18/2026, 6:06:40.253 AM",CHA,0.04,SapHana_LoadHistory_CL,
63c81adf-e45b-4623-80a1-b89026218a34,RestAPI,,,"4/18/2026, 6:07:03.833 AM",,,"4/18/2026, 6:06:50.328 AM","4/18/2026, 6:07:02.735 AM","4/18/2026, 6:06:50.328 AM",1,895.53,710.73,vchadcha01l10c,947340.15,313983.5,981654.93,260372.07,99090.68,0.1,CHA-HANA,4.0.260223.125026,HOST,"4/18/2026, 6:07:02.869 AM","4/18/2026, 6:06:50.328 AM","4/18/2026, 6:07:02.735 AM","4/18/2026, 6:06:50.328 AM",CHA,0.03,SapHana_LoadHistory_CL,
63c81adf-e45b-4623-80a1-b89026218a34,RestAPI,,,"4/18/2026, 6:07:03.833 AM",,,"4/18/2026, 6:07:00.401 AM","4/18/2026, 6:07:02.735 AM","4/18/2026, 6:07:00.401 AM",0,895.53,710.73,vchadcha01l10c,947340.15,313983.5,981654.93,260372.07,99090.35,0.07,CHA-HANA,4.0.260223.125026,HOST,"4/18/2026, 6:07:02.891 AM","4/18/2026, 6:07:00.401 AM","4/18/2026, 6:07:02.735 AM","4/18/2026, 6:07:00.401 AM",CHA,0.03,SapHana_LoadHistory_CL,
63c81adf-e45b-4623-80a1-b89026218a34,RestAPI,,,"4/18/2026, 6:08:04.737 AM",,,"4/18/2026, 6:07:10.473 AM","4/18/2026, 6:08:04.222 AM","4/18/2026, 6:07:10.473 AM",2,895.53,710.73,vchadcha01l10c,947340.15,313984.63,981654.93,260372.07,99101.14,-1,CHA-HANA,4.0.260223.125026,HOST,"4/18/2026, 6:08:04.366 AM","4/18/2026, 6:07:10.473 AM","4/18/2026, 6:08:04.222 AM","4/18/2026, 6:07:10.473 AM",CHA,,SapHana_LoadHistory_CL,
63c81adf-e45b-4623-80a1-b89026218a34,RestAPI,,,"4/18/2026, 6:08:04.737 AM",,,"4/18/2026, 6:07:20.545 AM","4/18/2026, 6:08:04.222 AM","4/18/2026, 6:07:20.545 AM",1,895.53,710.73,vchadcha01l10c,947340.15,313984.63,981654.93,260372.07,99100.61,1.55,CHA-HANA,4.0.260223.125026,HOST,"4/18/2026, 6:08:04.366 AM","4/18/2026, 6:07:20.545 AM","4/18/2026, 6:08:04.222 AM","4/18/2026, 6:07:20.545 AM",CHA,0.61,SapHana_LoadHistory_CL,
63c81adf-e45b-4623-80a1-b89026218a34,RestAPI,,,"4/18/2026, 6:08:04.737 AM",,,"4/18/2026, 6:07:30.617 AM","4/18/2026, 6:08:04.222 AM","4/18/2026, 6:07:30.617 AM",0,895.53,710.73,vchadcha01l10c,947340.15,313983.5,981654.93,260372.07,99099.27,0.07,CHA-HANA,4.0.260223.125026,HOST,"4/18/2026, 6:08:04.366 AM","4/18/2026, 6:07:30.617 AM","4/18/2026, 6:08:04.222 AM","4/18/2026, 6:07:30.617 AM",CHA,0.03,SapHana_LoadHistory_CL,
63c81adf-e45b-4623-80a1-b89026218a34,RestAPI,,,"4/18/2026, 6:08:04.737 AM",,,"4/18/2026, 6:07:40.689 AM","4/18/2026, 6:08:04.222 AM","4/18/2026, 6:07:40.689 AM",1,895.53,710.73,vchadcha01l10c,947340.15,313983.5,981654.93,260372.07,99100.96,0.15,CHA-HANA,4.0.260223.125026,HOST,"4/18/2026, 6:08:04.366 AM","4/18/2026, 6:07:40.689 AM","4/18/2026, 6:08:04.222 AM","4/18/2026, 6:07:40.689 AM",CHA,0.52,SapHana_LoadHistory_CL,
63c81adf-e45b-4623-80a1-b89026218a34,RestAPI,,,"4/18/2026, 6:08:04.737 AM",,,"4/18/2026, 6:07:50.758 AM","4/18/2026, 6:08:04.222 AM","4/18/2026, 6:07:50.758 AM",1,895.53,710.73,vchadcha01l10c,947340.15,313983.5,981654.93,260372.07,99100.8,0.09,CHA-HANA,4.0.260223.125026,HOST,"4/18/2026, 6:08:04.366 AM","4/18/2026, 6:07:50.758 AM","4/18/2026, 6:08:04.222 AM","4/18/2026, 6:07:50.758 AM",CHA,0.03,SapHana_LoadHistory_CL,
63c81adf-e45b-4623-80a1-b89026218a34,RestAPI,,,"4/18/2026, 6:08:04.737 AM",,,"4/18/2026, 6:08:00.824 AM","4/18/2026, 6:08:04.222 AM","4/18/2026, 6:08:00.824 AM",0,895.53,710.73,vchadcha01l10c,947340.15,313983.5,981654.93,260372.07,99100.81,0.07,CHA-HANA,4.0.260223.125026,HOST,"4/18/2026, 6:08:04.366 AM","4/18/2026, 6:08:00.824 AM","4/18/2026, 6:08:04.222 AM","4/18/2026, 6:08:00.824 AM",CHA,0.03,SapHana_LoadHistory_CL,
63c81adf-e45b-4623-80a1-b89026218a34,RestAPI,,,"4/18/2026, 6:09:04.516 AM",,,"4/18/2026, 6:08:10.893 AM","4/18/2026, 6:09:03.754 AM","4/18/2026, 6:08:10.893 AM",3,895.53,710.73,vchadcha01l10c,947340.15,313983.5,981654.93,260372.07,99101.59,-1,CHA-HANA,4.0.260223.125026,HOST,"4/18/2026, 6:09:03.889 AM","4/18/2026, 6:08:10.893 AM","4/18/2026, 6:09:03.754 AM","4/18/2026, 6:08:10.893 AM",CHA,,SapHana_LoadHistory_CL,
63c81adf-e45b-4623-80a1-b89026218a34,RestAPI,,,"4/18/2026, 6:09:04.516 AM",,,"4/18/2026, 6:08:20.964 AM","4/18/2026, 6:09:03.754 AM","4/18/2026, 6:08:20.964 AM",2,895.53,710.73,vchadcha01l10c,947340.15,313983.5,981654.93,260372.07,99098.42,18.52,CHA-HANA,4.0.260223.125026,HOST,"4/18/2026, 6:09:03.889 AM","4/18/2026, 6:08:20.964 AM","4/18/2026, 6:09:03.754 AM","4/18/2026, 6:08:20.964 AM",CHA,6.34,SapHana_LoadHistory_CL,
63c81adf-e45b-4623-80a1-b89026218a34,RestAPI,,,"4/18/2026, 6:09:04.516 AM",,,"4/18/2026, 6:08:31.037 AM","4/18/2026, 6:09:03.754 AM","4/18/2026, 6:08:31.037 AM",0,895.53,710.73,vchadcha01l10c,947340.15,313983.5,981654.93,260372.07,99098.34,0.07,CHA-HANA,4.0.260223.125026,HOST,"4/18/2026, 6:09:03.889 AM","4/18/2026, 6:08:31.037 AM","4/18/2026, 6:09:03.754 AM","4/18/2026, 6:08:31.037 AM",CHA,0.03,SapHana_LoadHistory_CL,
63c81adf-e45b-4623-80a1-b89026218a34,RestAPI,,,"4/18/2026, 6:09:04.516 AM",,,"4/18/2026, 6:08:41.107 AM","4/18/2026, 6:09:03.754 AM","4/18/2026, 6:08:41.107 AM",1,895.53,710.73,vchadcha01l10c,947340.15,313983.5,981654.93,260372.07,99098.38,0.11,CHA-HANA,4.0.260223.125026,HOST,"4/18/2026, 6:09:03.890 AM","4/18/2026, 6:08:41.107 AM","4/18/2026, 6:09:03.754 AM","4/18/2026, 6:08:41.107 AM",CHA,0.04,SapHana_LoadHistory_CL,
63c81adf-e45b-4623-80a1-b89026218a34,RestAPI,,,"4/18/2026, 6:09:04.516 AM",,,"4/18/2026, 6:08:51.183 AM","4/18/2026, 6:09:03.754 AM","4/18/2026, 6:08:51.183 AM",2,895.53,710.73,vchadcha01l10c,947340.15,313984.63,981654.93,260372.07,99099.68,0.1,CHA-HANA,4.0.260223.125026,HOST,"4/18/2026, 6:09:03.890 AM","4/18/2026, 6:08:51.183 AM","4/18/2026, 6:09:03.754 AM","4/18/2026, 6:08:51.183 AM",CHA,0.03,SapHana_LoadHistory_CL,
63c81adf-e45b-4623-80a1-b89026218a34,RestAPI,,,"4/18/2026, 6:09:04.516 AM",,,"4/18/2026, 6:09:01.260 AM","4/18/2026, 6:09:03.754 AM","4/18/2026, 6:09:01.260 AM",0,895.53,710.73,vchadcha01l10c,947340.15,313984.63,981654.93,260372.07,99099.67,0.1,CHA-HANA,4.0.260223.125026,HOST,"4/18/2026, 6:09:03.890 AM","4/18/2026, 6:09:01.260 AM","4/18/2026, 6:09:03.754 AM","4/18/2026, 6:09:01.260 AM",CHA,0.03,SapHana_LoadHistory_CL,
63c81adf-e45b-4623-80a1-b89026218a34,RestAPI,,,"4/18/2026, 6:10:06.711 AM",,,"4/18/2026, 6:09:11.331 AM","4/18/2026, 6:10:05.932 AM","4/18/2026, 6:09:11.331 AM",2,895.53,710.73,vchadcha01l10c,947340.15,313984.63,981654.93,260372.07,99063.51,-1,CHA-HANA,4.0.260223.125026,HOST,"4/18/2026, 6:10:06.197 AM","4/18/2026, 6:09:11.331 AM","4/18/2026, 6:10:05.932 AM","4/18/2026, 6:09:11.331 AM",CHA,,SapHana_LoadHistory_CL,
63c81adf-e45b-4623-80a1-b89026218a34,RestAPI,,,"4/18/2026, 6:10:06.711 AM",,,"4/18/2026, 6:09:21.401 AM","4/18/2026, 6:10:05.932 AM","4/18/2026, 6:09:21.401 AM",1,895.53,710.73,vchadcha01l10c,947340.15,313984.63,981654.93,260372.07,99063.96,2.66,CHA-HANA,4.0.260223.125026,HOST,"4/18/2026, 6:10:06.197 AM","4/18/2026, 6:09:21.401 AM","4/18/2026, 6:10:05.932 AM","4/18/2026, 6:09:21.401 AM",CHA,1,SapHana_LoadHistory_CL,
63c81adf-e45b-4623-80a1-b89026218a34,RestAPI,,,"4/18/2026, 6:10:06.711 AM",,,"4/18/2026, 6:09:31.472 AM","4/18/2026, 6:10:05.932 AM","4/18/2026, 6:09:31.472 AM",0,895.53,710.73,vchadcha01l10c,947340.15,313984.63,981654.93,260372.07,99064.12,0.07,CHA-HANA,4.0.260223.125026,HOST,"4/18/2026, 6:10:06.197 AM","4/18/2026, 6:09:31.472 AM","4/18/2026, 6:10:05.932 AM","4/18/2026, 6:09:31.472 AM",CHA,0.03,SapHana_LoadHistory_CL,
63c81adf-e45b-4623-80a1-b89026218a34,RestAPI,,,"4/18/2026, 6:10:06.711 AM",,,"4/18/2026, 6:09:41.540 AM","4/18/2026, 6:10:05.932 AM","4/18/2026, 6:09:41.540 AM",1,895.53,710.73,vchadcha01l10c,947340.15,313984.63,981654.93,260372.07,99064.79,0.11,CHA-HANA,4.0.260223.125026,HOST,"4/18/2026, 6:10:06.197 AM","4/18/2026, 6:09:41.540 AM","4/18/2026, 6:10:05.932 AM","4/18/2026, 6:09:41.540 AM",CHA,0.05,SapHana_LoadHistory_CL,
63c81adf-e45b-4623-80a1-b89026218a34,RestAPI,,,"4/18/2026, 6:10:06.711 AM",,,"4/18/2026, 6:09:51.613 AM","4/18/2026, 6:10:05.932 AM","4/18/2026, 6:09:51.613 AM",1,895.53,710.73,vchadcha01l10c,947340.15,313984.63,981654.93,260372.07,99064.78,0.11,CHA-HANA,4.0.260223.125026,HOST,"4/18/2026, 6:10:06.197 AM","4/18/2026, 6:09:51.613 AM","4/18/2026, 6:10:05.932 AM","4/18/2026, 6:09:51.613 AM",CHA,0.03,SapHana_LoadHistory_CL,
63c81adf-e45b-4623-80a1-b89026218a34,RestAPI,,,"4/18/2026, 6:10:06.711 AM",,,"4/18/2026, 6:10:01.687 AM","4/18/2026, 6:10:05.932 AM","4/18/2026, 6:10:01.687 AM",0,895.53,710.73,vchadcha01l10c,947340.15,313984.63,981654.93,260372.07,99064.72,0.07,CHA-HANA,4.0.260223.125026,HOST,"4/18/2026, 6:10:06.197 AM","4/18/2026, 6:10:01.687 AM","4/18/2026, 6:10:05.932 AM","4/18/2026, 6:10:01.687 AM",CHA,0.03,SapHana_LoadHistory_CL,
63c81adf-e45b-4623-80a1-b89026218a34,RestAPI,,,"4/18/2026, 6:12:04.403 AM",,,"4/18/2026, 6:11:12.210 AM","4/18/2026, 6:12:03.909 AM","4/18/2026, 6:11:12.210 AM",2,895.53,710.73,vchadcha01l10c,947340.15,313983.5,981654.93,260372.07,99073.37,-1,CHA-HANA,4.0.260223.125026,HOST,"4/18/2026, 6:12:04.028 AM","4/18/2026, 6:11:12.210 AM","4/18/2026, 6:12:03.909 AM","4/18/2026, 6:11:12.210 AM",CHA,,SapHana_LoadHistory_CL,
63c81adf-e45b-4623-80a1-b89026218a34,RestAPI,,,"4/18/2026, 6:12:04.403 AM",,,"4/18/2026, 6:11:22.280 AM","4/18/2026, 6:12:03.909 AM","4/18/2026, 6:11:22.280 AM",1,895.53,710.73,vchadcha01l10c,947340.15,313983.5,981654.93,260372.07,99077.54,4.82,CHA-HANA,4.0.260223.125026,HOST,"4/18/2026, 6:12:04.028 AM","4/18/2026, 6:11:22.280 AM","4/18/2026, 6:12:03.909 AM","4/18/2026, 6:11:22.280 AM",CHA,1.91,SapHana_LoadHistory_CL,
63c81adf-e45b-4623-80a1-b89026218a34,RestAPI,,,"4/18/2026, 6:12:04.403 AM",,,"4/18/2026, 6:11:32.354 AM","4/18/2026, 6:12:03.909 AM","4/18/2026, 6:11:32.354 AM",0,895.53,710.73,vchadcha01l10c,947340.15,313983.5,981654.93,260372.07,99076.98,0.07,CHA-HANA,4.0.260223.125026,HOST,"4/18/2026, 6:12:04.028 AM","4/18/2026, 6:11:32.354 AM","4/18/2026, 6:12:03.909 AM","4/18/2026, 6:11:32.354 AM",CHA,0.03,SapHana_LoadHistory_CL,
63c81adf-e45b-4623-80a1-b89026218a34,RestAPI,,,"4/18/2026, 6:12:04.403 AM",,,"4/18/2026, 6:11:42.430 AM","4/18/2026, 6:12:03.909 AM","4/18/2026, 6:11:42.430 AM",1,895.53,710.73,vchadcha01l10c,947340.15,313983.5,981654.93,260372.07,99079.17,0.11,CHA-HANA,4.0.260223.125026,HOST,"4/18/2026, 6:12:04.028 AM","4/18/2026, 6:11:42.430 AM","4/18/2026, 6:12:03.909 AM","4/18/2026, 6:11:42.430 AM",CHA,0.04,SapHana_LoadHistory_CL,
63c81adf-e45b-4623-80a1-b89026218a34,RestAPI,,,"4/18/2026, 6:12:04.403 AM",,,"4/18/2026, 6:11:52.504 AM","4/18/2026, 6:12:03.909 AM","4/18/2026, 6:11:52.504 AM",0,895.53,710.73,vchadcha01l10c,947340.15,313983.5,981654.93,260372.07,99077.46,0.1,CHA-HANA,4.0.260223.125026,HOST,"4/18/2026, 6:12:04.028 AM","4/18/2026, 6:11:52.504 AM","4/18/2026, 6:12:03.909 AM","4/18/2026, 6:11:52.504 AM",CHA,0.03,SapHana_LoadHistory_CL,
63c81adf-e45b-4623-80a1-b89026218a34,RestAPI,,,"4/18/2026, 6:12:04.403 AM",,,"4/18/2026, 6:12:02.576 AM","4/18/2026, 6:12:03.909 AM","4/18/2026, 6:12:02.576 AM",1,895.53,710.73,vchadcha01l10c,947340.15,313983.5,981654.93,260372.07,99077.15,0.08,CHA-HANA,4.0.260223.125026,HOST,"4/18/2026, 6:12:04.028 AM","4/18/2026, 6:12:02.576 AM","4/18/2026, 6:12:03.909 AM","4/18/2026, 6:12:02.576 AM",CHA,0.09,SapHana_LoadHistory_CL,
63c81adf-e45b-4623-80a1-b89026218a34,RestAPI,,,"4/18/2026, 6:15:04.540 AM",,,"4/18/2026, 6:14:13.490 AM","4/18/2026, 6:15:03.848 AM","4/18/2026, 6:14:13.490 AM",4,895.53,710.73,vchadcha01l10c,947340.15,313985.66,981654.93,260372.07,100230.3,-1,CHA-HANA,4.0.260223.125026,HOST,"4/18/2026, 6:15:03.981 AM","4/18/2026, 6:14:13.490 AM","4/18/2026, 6:15:03.848 AM","4/18/2026, 6:14:13.490 AM",CHA,,SapHana_LoadHistory_CL,
63c81adf-e45b-4623-80a1-b89026218a34,RestAPI,,,"4/18/2026, 6:15:04.540 AM",,,"4/18/2026, 6:14:23.559 AM","4/18/2026, 6:15:03.848 AM","4/18/2026, 6:14:23.559 AM",1,895.53,710.73,vchadcha01l10c,947340.15,313984.53,981654.93,260372.07,99147.79,1.19,CHA-HANA,4.0.260223.125026,HOST,"4/18/2026, 6:15:03.981 AM","4/18/2026, 6:14:23.559 AM","4/18/2026, 6:15:03.848 AM","4/18/2026, 6:14:23.559 AM",CHA,0.51,SapHana_LoadHistory_CL,
63c81adf-e45b-4623-80a1-b89026218a34,RestAPI,,,"4/18/2026, 6:15:04.540 AM",,,"4/18/2026, 6:14:33.622 AM","4/18/2026, 6:15:03.848 AM","4/18/2026, 6:14:33.622 AM",2,895.53,710.73,vchadcha01l10c,947340.15,313984.53,981654.93,260372.07,99148.13,0.18,CHA-HANA,4.0.260223.125026,HOST,"4/18/2026, 6:15:03.981 AM","4/18/2026, 6:14:33.622 AM","4/18/2026, 6:15:03.848 AM","4/18/2026, 6:14:33.622 AM",CHA,0.08,SapHana_LoadHistory_CL,
63c81adf-e45b-4623-80a1-b89026218a34,RestAPI,,,"4/18/2026, 6:15:04.540 AM",,,"4/18/2026, 6:14:43.693 AM","4/18/2026, 6:15:03.848 AM","4/18/2026, 6:14:43.693 AM",2,895.53,710.73,vchadcha01l10c,947340.15,313984.66,981654.93,260372.07,99107.92,0.78,CHA-HANA,4.0.260223.125026,HOST,"4/18/2026, 6:15:03.981 AM","4/18/2026, 6:14:43.693 AM","4/18/2026, 6:15:03.848 AM","4/18/2026, 6:14:43.693 AM",CHA,0.12,SapHana_LoadHistory_CL,
63c81adf-e45b-4623-80a1-b89026218a34,RestAPI,,,"4/18/2026, 6:15:04.540 AM",,,"4/18/2026, 6:14:53.768 AM","4/18/2026, 6:15:03.848 AM","4/18/2026, 6:14:53.768 AM",1,895.53,710.73,vchadcha01l10c,947340.15,313984.66,981654.93,260372.07,99109.57,0.05,CHA-HANA,4.0.260223.125026,HOST,"4/18/2026, 6:15:03.981 AM","4/18/2026, 6:14:53.768 AM","4/18/2026, 6:15:03.848 AM","4/18/2026, 6:14:53.768 AM",CHA,0.1,SapHana_LoadHistory_CL,
63c81adf-e45b-4623-80a1-b89026218a34,RestAPI,,,"4/18/2026, 6:15:04.540 AM",,,"4/18/2026, 6:15:03.839 AM","4/18/2026, 6:15:03.848 AM","4/18/2026, 6:15:03.839 AM",2,895.53,710.73,vchadcha01l10c,947340.15,313984.63,981654.93,260372.07,99126.75,7.89,CHA-HANA,4.0.260223.125026,HOST,"4/18/2026, 6:15:03.981 AM","4/18/2026, 6:15:03.839 AM","4/18/2026, 6:15:03.848 AM","4/18/2026, 6:15:03.839 AM",CHA,0.07,SapHana_LoadHistory_CL,
